id,x,y,fx,fy,is_interior
0,-10.672030777265142,0.5918185817403097,0.0,0.0,False
1,0.026964261047351532,-11.024902003954734,0.0,0.0,False
2,-4.053758546760904,-6.946433921440435,0.0,0.0,True
3,-2.130710664572689,-7.334959011682755,0.0,0.0,True
4,-1.802061225052269,-7.61715320802948,0.0,0.0,True
5,-2.783875296778358,-5.569244221030189,0.0,0.0,True
6,-6.966352762041828,5.879856969802971,0.0,0.0,True
7,-6.4912562151659685,6.56507439804785,0.0,0.0,True
8,10.288348273971597,4.758358317563044,0.0,0.0,False
9,4.803700978806504,6.198587203916062,0.0,0.0,True
10,-8.605236641882513,-6.187755096625331,0.0,0.0,True
11,-8.759679384956844,-6.839015648293728,0.0,0.0,False
12,-10.075391415539324,3.4232644678679187,0.0,0.0,False
14,-9.466413294217046,3.779550503149656,0.0,0.0,True
15,6.89941339662383,-7.076022805094843,0.0,0.0,True
16,8.725078349302745,-6.5630523450396385,0.0,0.0,False
18,6.6443123571680305,-7.866939443410358,0.0,0.0,True
19,6.999271579091879,-7.636299780017818,0.0,0.0,True
20,5.723445735019085,-7.961914736868387,0.0,0.0,True
21,5.23081893614621,-8.008580484314145,0.0,0.0,True
22,6.211743640513849,-7.4551021536753,0.0,0.0,True
23,5.645867790233319,-7.213672162211422,0.0,0.0,True
24,5.902770460571651,-7.506347822949892,0.0,0.0,True
25,1.2811273576292972,-10.528653690376977,0.0,0.0,False
28,-0.43136135160656136,-10.158800674258242,0.0,0.0,True
29,0.13407546533115713,-10.331526026905468,0.0,0.0,True
30,-3.0506343475204045,-8.870959660796185,0.0,0.0,True
32,-6.811262671540029,-4.864535574081619,0.0,0.0,True
33,-6.391949199192785,-4.470116909706505,0.0,0.0,True
34,-5.839330694732158,-7.235904554004564,0.0,0.0,True
35,-7.071445138336467,-8.74615763630162,0.0,0.0,False
36,-7.6858955163505485,-8.224476938253494,0.0,0.0,False
37,-8.110225770826954,-7.444119922965346,0.0,0.0,False
40,-4.454019704600289,-7.175901286734039,0.0,0.0,True
41,-5.3047764015461185,-7.26345401592243,0.0,0.0,True
42,-5.165678610865087,-7.567834713086527,0.0,0.0,True
43,-4.6161034031722314,-7.738058292577352,0.0,0.0,True
44,-3.6370001515273085,-7.565518566922868,0.0,0.0,True
45,-3.359336622985774,-8.363309837162046,0.0,0.0,True
46,-5.712165255731414,-9.739854714401138,0.0,0.0,False
47,-3.360505503214797,3.1682006069962356,0.0,0.0,True
48,-5.829396448877592,-6.493482223339584,0.0,0.0,True
49,-6.646454526690873,-6.834548835673949,0.0,0.0,True
50,-6.05483045126155,-6.800780064582489,0.0,0.0,True
51,-5.941890412803496,-6.008140235372495,0.0,0.0,True
52,-2.6053227079315353,-7.456369514901903,0.0,0.0,True
53,-2.743348391424609,-7.86585363731967,0.0,0.0,True
54,-3.2248025931298376,-7.967521797828636,0.0,0.0,True
56,-2.6180219027771825,-8.629540178576265,0.0,0.0,True
57,-2.4935884840314837,-8.160790469444258,0.0,0.0,True
58,-0.9192861849082553,-9.059876385480354,0.0,0.0,True
59,-0.885447116434542,-9.646340302341404,0.0,0.0,True
60,-0.17164140041868348,-9.482128899073983,0.0,0.0,True
61,-0.5369891382441543,-9.790930582219167,0.0,0.0,True
62,-0.9892557843682616,-8.098868885953149,0.0,0.0,True
63,4.944176134268017,-6.779017028526621,0.0,0.0,True
64,4.554307356753165,-6.695990711823049,0.0,0.0,True
65,5.156153500471623,-7.267345493775534,0.0,0.0,True
66,4.97069358599759,-7.577488864589094,0.0,0.0,True
67,1.8161986836621313,-0.6831532343260691,0.0,0.0,True
68,1.8958244862123401,-2.6645376558971923,0.0,0.0,True
69,1.4213962437370466,-3.8068565608097016,0.0,0.0,True
70,1.4620539928293848,-3.17301093264064,0.0,0.0,True
72,-1.2898814857283798,-6.940663865841894,0.0,0.0,True
73,-1.3784803155315872,-7.441689306181632,0.0,0.0,True
74,-0.5680162180262397,-7.377817425242174,0.0,0.0,True
75,-1.0107841804431708,-7.677187735225283,0.0,0.0,True
76,0.3347036585877285,-5.095373210859786,0.0,0.0,True
77,0.167684745781779,-5.671723006327412,0.0,0.0,True
78,-0.4660551441954314,-5.389734656688453,0.0,0.0,True
79,-0.3266487385579235,-5.536314397604702,0.0,0.0,True
80,-0.6878846173925786,-6.820333151572834,0.0,0.0,True
82,-0.7894067014804013,-6.259003473643763,0.0,0.0,True
83,-0.43971197600543027,-6.046352858184539,0.0,0.0,True
84,-1.5763553206660925,-6.6777610954198705,0.0,0.0,True
85,-2.015884511510738,-6.820721430173032,0.0,0.0,True
86,-6.391369402634156,6.808946639327955,0.0,0.0,True
87,-1.0012495607658953,11.236420223705714,0.0,0.0,False
90,-2.506883883008582,3.319247719116399,0.0,0.0,True
91,-5.09362361758382,6.100714441189949,0.0,0.0,True
92,-6.795666292954889,8.156386064190524,0.0,0.0,False
94,-5.591434917160986,7.472496367714273,0.0,0.0,True
95,-5.968500528587795,7.251718313573218,0.0,0.0,True
96,-5.977691241072418,6.912201124619208,0.0,0.0,True
97,-5.65022455634804,6.679172733443022,0.0,0.0,True
98,-6.097242786849706,8.269703591373082,0.0,0.0,True
99,-5.605128971835202,7.702455253819018,0.0,0.0,True
100,-6.041187084674429,7.903954120143403,0.0,0.0,True
101,-4.777893691094354,9.28144210129839,0.0,0.0,True
102,-5.33846268069738,9.776663999233955,0.0,0.0,False
103,-4.799430094999177,8.449701844906325,0.0,0.0,True
104,-5.6975486698087705,8.505929604688752,0.0,0.0,True
105,-5.619293262186315,8.836275070698383,0.0,0.0,True
106,-5.08310986303585,8.900097266436067,0.0,0.0,True
107,-4.980895931194023,8.061036856559667,0.0,0.0,True
108,-5.311954560247124,8.044937109086478,0.0,0.0,True
109,-3.3397008091265534,7.658503506934881,0.0,0.0,True
110,-2.963448179626784,8.904307613755899,0.0,0.0,True
111,-3.2535147102521162,8.543704019445203,0.0,0.0,True
112,-4.271241048863973,6.018675545557523,0.0,0.0,True
113,-4.811563443962584,5.396702331566904,0.0,0.0,True
114,-4.728542324256805,5.75159072614902,0.0,0.0,True
115,-6.318107389437645,5.908718681312654,0.0,0.0,True
116,-5.451987596508516,6.024788150527374,0.0,0.0,True
117,-5.712801734062438,6.294514196853482,0.0,0.0,True
118,-6.1904603109167855,6.191203247998507,0.0,0.0,True
119,1.7575598183329681,5.770905109997957,0.0,0.0,True
120,-0.6401011166379367,5.129127800656752,0.0,0.0,True
121,-0.26151617814872913,-0.1847869945701406,0.0,0.0,True
122,-1.1529316530780365,2.1250653390350087,0.0,0.0,True
123,-0.7971308518808665,2.6030873562164736,0.0,0.0,True
124,-0.36346261509824485,2.470249721803237,0.0,0.0,True
125,-1.7704772907882202,1.3860361734955313,0.0,0.0,True
126,-1.4848249541255678,1.1674332390465654,0.0,0.0,True
129,9.784596452346799,5.432426314009521,0.0,0.0,False
130,3.5180029975861933,2.2575579786992095,0.0,0.0,True
131,6.236040030216741,2.962898811157588,0.0,0.0,True
132,6.504586275398552,5.290517951747529,0.0,0.0,True
133,6.89408887641783,3.908485702467879,0.0,0.0,True
134,10.549768334024874,-1.7067118639242165,0.0,0.0,False
135,11.057542557522595,-1.0897383082025076,0.0,0.0,False
137,10.637146884681757,2.6709217023327865,0.0,0.0,False
138,7.860381127836602,7.45132672596387,0.0,0.0,False
139,4.457622628542609,6.663528114331559,0.0,0.0,True
140,3.9997544708411326,6.394533779238979,0.0,0.0,True
141,5.265316175524107,6.358233443564422,0.0,0.0,True
142,5.3952566378773765,6.869378737471458,0.0,0.0,True
143,3.53498063186522,8.749523522130211,0.0,0.0,True
144,3.401462133719601,8.347858392521747,0.0,0.0,True
145,4.030505195621633,8.904009337249871,0.0,0.0,True
146,-9.552059867635188,-6.233138146615182,0.0,0.0,False
147,-9.01057771437965,-5.89038879372595,0.0,0.0,True
151,-8.05136669505547,-6.791065849582228,0.0,0.0,True
153,-8.178435712715094,-6.0011312514764485,0.0,0.0,True
154,-8.96350052213636,-5.523802795196258,0.0,0.0,True
155,-9.291174378905499,-5.220264107266884,0.0,0.0,True
156,-9.837906747154664,-2.6418913431819084,0.0,0.0,True
157,-11.003803205822596,-0.5267178089583118,0.0,0.0,False
159,-9.598050002313427,4.946797149247077,0.0,0.0,False
162,-8.499235691595379,1.2203978293092244,0.0,0.0,True
163,-9.007642822322326,1.571342283391853,0.0,0.0,True
164,-7.410528624379551,3.3603965022136526,0.0,0.0,True
165,-6.026641038889761,0.41227701107686626,0.0,0.0,True
166,-4.02565249922226,-1.469912713143975,0.0,0.0,True
168,-4.519235073487453,-0.960183073774543,0.0,0.0,True
169,-4.442156596043779,-0.6565862552661837,0.0,0.0,True
170,-10.185690674841176,-3.193616934202442,0.0,0.0,False
171,-5.912785604479383,-5.1105373099967855,0.0,0.0,True
172,-5.961163776156328,-4.626470556556467,0.0,0.0,True
173,-5.154484870224863,-1.1858519583587022,0.0,0.0,True
175,7.7776624755841635,-7.5672027397314,0.0,0.0,False
176,7.963870718850162,-6.500470734096263,0.0,0.0,True
177,7.170778221418375,-5.953450660919292,0.0,0.0,True
178,7.019693712327552,-6.412181522233912,0.0,0.0,True
179,7.324824207677183,-7.061577126331408,0.0,0.0,True
181,7.796690434641294,-6.6817587970178085,0.0,0.0,True
182,7.47221757574572,-6.6691208647530775,0.0,0.0,True
185,9.000551314516944,-3.835303350646603,0.0,0.0,True
186,8.79034059847258,-4.64381107970792,0.0,0.0,True
187,7.872550113371667,-4.328104167745927,0.0,0.0,True
188,8.716894669857705,-4.019269829538303,0.0,0.0,True
189,8.190457839383905,-4.688454054400659,0.0,0.0,True
191,9.420088945251287,-4.003994367004437,0.0,0.0,True
192,9.62060238145015,-4.62738499501562,0.0,0.0,False
193,10.36677226261629,-3.8419582439689766,0.0,0.0,False
195,9.354794183036221,-5.6018857951864325,0.0,0.0,False
196,8.853869619778688,-5.345543074119779,0.0,0.0,True
200,9.46826176645728,-1.8125638294246775,0.0,0.0,True
202,10.041768102729566,-2.351728895586665,0.0,0.0,True
203,5.465276832156167,-9.681481101380735,0.0,0.0,False
204,4.687054644448042,-10.043337462653879,0.0,0.0,False
206,6.042761658000419,-9.164212779975111,0.0,0.0,False
207,5.800379104543432,-8.802741955033403,0.0,0.0,True
208,6.014860414514416,-8.338443341679714,0.0,0.0,True
209,6.580856603014064,-8.217751425308043,0.0,0.0,True
210,6.961679682334013,-8.603498573385252,0.0,0.0,False
212,6.861228315559414,-5.649883255149772,0.0,0.0,True
213,6.450481300808202,-5.758361500678101,0.0,0.0,True
214,5.713287092903475,-5.573766819523262,0.0,0.0,True
215,5.932673746341147,-4.685733265538644,0.0,0.0,True
216,6.138878595804043,-5.4448242619895595,0.0,0.0,True
217,6.254207072015946,-4.966169186904116,0.0,0.0,True
218,5.447127805082689,-5.315348632286383,0.0,0.0,True
219,5.561907230452101,-4.823393538494387,0.0,0.0,True
223,1.6809641273493945,-9.840746300977685,0.0,0.0,True
224,3.913046890506042,-10.036688086842245,0.0,0.0,False
226,-3.8379380450817067,-10.225720382523495,0.0,0.0,False
227,-1.2767052542469812,-9.868275588067851,0.0,0.0,True
228,-1.338810309275575,-10.364214827147496,0.0,0.0,True
229,-2.1732806268363793,-10.183529517254822,0.0,0.0,True
230,-1.8420350807849548,-10.526962297058999,0.0,0.0,True
231,-1.9834382847641838,-11.047308578656592,0.0,0.0,False
233,-0.6247135279697482,-10.510647176679832,0.0,0.0,True
234,-1.0256051188551514,-10.62540737270805,0.0,0.0,True
237,-7.195418458712853,-7.748220745765935,0.0,0.0,True
238,-7.198568746266677,-6.903017579023053,0.0,0.0,True
239,-7.407535311259397,-7.324685405769096,0.0,0.0,True
241,-3.614748861883219,-6.664372487632034,0.0,0.0,True
242,-2.902122008470175,-7.093164814740502,0.0,0.0,True
243,-3.238648913945912,-7.117891519980586,0.0,0.0,True
244,-3.500889108715232,-6.3108940434689975,0.0,0.0,True
245,-4.556229649198426,-6.585689090547144,0.0,0.0,True
246,-5.408747019115557,-6.547463243324552,0.0,0.0,True
247,-5.147239412652051,-6.936417182078294,0.0,0.0,True
250,-5.085497625079236,-6.166883598027628,0.0,0.0,True
252,-4.116109662231072,-7.943474435694462,0.0,0.0,True
253,-3.948492153032545,-8.529315531589045,0.0,0.0,True
254,-5.421257016599133,-9.212679948238478,0.0,0.0,True
255,-5.055469606785845,-9.196491477843683,0.0,0.0,True
256,-4.732274332960831,-8.672809669353759,0.0,0.0,True
257,-4.871268445803429,-8.38923469266524,0.0,0.0,True
258,-4.862575415216002,-10.121350792563769,0.0,0.0,False
259,-2.8756104112025764,3.813752974441017,0.0,0.0,True
260,-3.191389154316749,3.7791827002175893,0.0,0.0,True
261,-3.8271846144107853,2.652296989102374,0.0,0.0,True
262,-3.486702561709826,3.1320913945397737,0.0,0.0,True
263,-4.002781838566592,3.496103178591209,0.0,0.0,True
264,-3.8128626999319337,2.396583564903705,0.0,0.0,True
265,-3.3541007178167748,2.0972693028994995,0.0,0.0,True
266,-3.818001014786467,1.4319461994068376,0.0,0.0,True
267,-3.401351974946838,1.681665366743556,0.0,0.0,True
268,-4.574515492423501,1.1485727901592335,0.0,0.0,True
269,-4.397113568309015,2.0861150265510053,0.0,0.0,True
270,-4.1405573024039946,1.5362272717445191,0.0,0.0,True
271,-4.508576164028524,0.6717117054915773,0.0,0.0,True
272,-5.02072197613484,-4.132951826043502,0.0,0.0,True
273,-5.288478832464509,-4.416065953438238,0.0,0.0,True
274,-5.631530697693744,-4.335337050061287,0.0,0.0,True
275,-3.7520554800362294,-4.307640383741119,0.0,0.0,True
276,-3.8871015576883137,-3.8147128200693676,0.0,0.0,True
277,-4.402722785524359,-3.6512559133513176,0.0,0.0,True
278,-4.5603735539025125,-4.215930836192483,0.0,0.0,True
279,-2.2378226547627342,-8.943913116630657,0.0,0.0,True
280,-2.3605791759556602,-9.417048133297012,0.0,0.0,True
281,-1.635852150785465,-9.60586075160263,0.0,0.0,True
282,-2.0471126266317374,-9.746010231821279,0.0,0.0,True
283,-1.2428147104492087,-8.89054508698903,0.0,0.0,True
284,-1.5811804339347781,-9.077817483524699,0.0,0.0,True
285,-1.9345239252353887,-8.826404511259657,0.0,0.0,True
286,-1.2928090143121695,-8.321783644873296,0.0,0.0,True
287,-1.8666166460894813,-8.15722559079197,0.0,0.0,True
288,3.288473595149676,-7.1523654101847205,0.0,0.0,True
289,3.658009650908982,-6.3825205670470275,0.0,0.0,True
290,3.001716812351621,-6.651230009835361,0.0,0.0,True
291,3.130607390454306,-6.363874231952533,0.0,0.0,True
292,2.8841945767579,-5.311159356343675,0.0,0.0,True
293,2.367134129728914,-5.988112555005967,0.0,0.0,True
294,2.9375017903193257,-6.045904555063785,0.0,0.0,True
295,3.1000182018879445,-5.722547056998277,0.0,0.0,True
296,0.9338300502098388,-5.278843480256171,0.0,0.0,True
297,1.4812467255698758,-5.55218251599526,0.0,0.0,True
299,-0.2350632045841071,-7.533645572282602,0.0,0.0,True
300,3.263656305818151,-4.990445297619373,0.0,0.0,True
301,3.6932303486937994,-5.423378051412687,0.0,0.0,True
304,3.8738662596851627,-6.113957275223231,0.0,0.0,True
305,4.39651111954166,-6.221934565144261,0.0,0.0,True
306,1.6874928789969281,-0.7564860240346092,0.0,0.0,True
307,0.3490274008847975,-1.8171057892154794,0.0,0.0,True
308,-0.08571600179246001,-1.1203469404064248,0.0,0.0,True
309,3.673017235847356,-0.5872741746601791,0.0,0.0,True
310,3.2331533351248956,0.1701263278158744,0.0,0.0,True
311,8.59877275153064,-2.997561582438224,0.0,0.0,True
312,8.715245907353543,-2.5880475317661866,0.0,0.0,True
313,9.02340730992223,-3.3374733222621455,0.0,0.0,True
314,8.499876841293203,-2.231860626136442,0.0,0.0,True
315,8.794381793025915,-1.8410586300921177,0.0,0.0,True
316,0.8602606148440046,-3.105091656932707,0.0,0.0,True
317,1.2144671890882455,-2.3896428162494074,0.0,0.0,True
318,0.37038569268812876,-1.831279490327075,0.0,0.0,True
319,0.4064625405968442,-2.3989872676133555,0.0,0.0,True
320,0.881831521275717,-2.5882361750354885,0.0,0.0,True
321,1.9750670269876378,-3.5759949588570614,0.0,0.0,True
322,3.913870214431715,-2.884083944367136,0.0,0.0,True
323,3.592512414488817,-3.3022875907929774,0.0,0.0,True
324,2.865428547555107,-2.743616811868162,0.0,0.0,True
325,3.2206483180215537,-3.2995278416652125,0.0,0.0,True
326,2.321825669865328,-2.8863646879064335,0.0,0.0,True
327,2.308012889646027,-3.268012935583084,0.0,0.0,True
328,4.871457462661349,-4.704814709883,0.0,0.0,True
329,5.241076815089998,-4.568644274724121,0.0,0.0,True
331,-0.0281667178334299,-6.206595811454601,0.0,0.0,True
332,0.6941286253863956,-5.8831443611174645,0.0,0.0,True
333,0.852308399897234,-6.234209303937888,0.0,0.0,True
334,0.00916371887752394,-6.618163807371119,0.0,0.0,True
335,-1.8967301750259262,-5.864110319250293,0.0,0.0,True
336,-1.7711391082315946,-5.390500824423039,0.0,0.0,True
337,-1.1225981247410608,-6.050065447626758,0.0,0.0,True
338,-1.4884941372957126,-6.199533618754612,0.0,0.0,True
339,-1.0393680957423186,-5.578031124927772,0.0,0.0,True
340,-1.2817848403037149,-5.311075100313276,0.0,0.0,True
341,-2.2908598338347925,-6.570797015362728,0.0,0.0,True
342,-2.223469811838378,-6.011205786283765,0.0,0.0,True
343,-2.6913909967811716,-5.823033000881771,0.0,0.0,True
344,-2.7319522218392756,-6.675381724009932,0.0,0.0,True
345,-3.0136146673835227,-6.275115955309187,0.0,0.0,True
347,-6.937966921821208,6.4762468846859855,0.0,0.0,True
348,-7.79109818133733,6.265731162271908,0.0,0.0,True
349,-7.468597007425824,5.833497246958608,0.0,0.0,True
350,-8.583885203299026,6.781179976392097,0.0,0.0,False
352,-6.628363794053988,7.397670469958692,0.0,0.0,True
353,-6.369464893768018,7.770164467040862,0.0,0.0,True
359,3.1873248691335503,10.24395758024372,0.0,0.0,False
362,-0.3492364070978126,5.688844885278351,0.0,0.0,True
364,1.3929223519928022,10.995302525589947,0.0,0.0,False
365,-0.10073510859953543,8.887635922081678,0.0,0.0,True
366,-0.6496907906284419,10.36334612426209,0.0,0.0,True
367,-0.9773554666689174,10.58992220305686,0.0,0.0,True
368,-0.22978068425474582,10.548957949141053,0.0,0.0,True
369,0.6421032415776171,11.016829558359538,0.0,0.0,False
372,-0.15669985752916016,11.13416364256619,0.0,0.0,False
373,-4.489682066606207,9.962427945590342,0.0,0.0,False
374,-1.9149771222477934,10.934629843261325,0.0,0.0,False
376,-1.748329128791485,2.733500697229758,0.0,0.0,True
377,-1.437091260777741,2.153572761066034,0.0,0.0,True
378,-1.7587058075289321,1.8461503414100138,0.0,0.0,True
379,-0.8586606521741428,4.589349962818921,0.0,0.0,True
380,-3.5256501783664738,5.999178446814339,0.0,0.0,True
381,-4.890277576818522,6.572360522069199,0.0,0.0,True
382,-5.157249326392867,7.027337643537853,0.0,0.0,True
384,-6.0085334665196415,9.205287443651278,0.0,0.0,False
387,-3.462155339950439,7.348007454739139,0.0,0.0,True
388,-2.5574509038322257,9.670320445315426,0.0,0.0,True
390,-3.6056629494191625,8.08862785059936,0.0,0.0,True
392,-4.278380436536705,8.509937845008736,0.0,0.0,True
393,-3.998985293663184,8.096938998602296,0.0,0.0,True
394,-4.158147552888108,8.937126420973252,0.0,0.0,True
395,-3.883035817433396,9.023590745119531,0.0,0.0,True
396,0.3649204919984686,6.136087210358887,0.0,0.0,True
397,3.0540393601991047,6.347336490416868,0.0,0.0,True
398,2.635405268645126,1.8989071124842976,0.0,0.0,True
399,2.425304405921623,5.848715753163864,0.0,0.0,True
400,1.9937488293740615,5.935599461354929,0.0,0.0,True
401,2.6585896168067653,6.29412244144089,0.0,0.0,True
402,0.5304561864166467,4.0446839609474035,0.0,0.0,True
403,-0.042888270009902175,4.863335026079759,0.0,0.0,True
404,-1.4983787445327335,0.5926849132442478,0.0,0.0,True
405,-1.7095196668464259,0.4490414664133615,0.0,0.0,True
406,-1.7363533182928026,-0.06470652997209082,0.0,0.0,True
407,-0.005110843829907192,2.7036877096594143,0.0,0.0,True
409,-0.9619080164300388,0.4115431813365179,0.0,0.0,True
410,-0.7786360319727558,-0.09497844548859904,0.0,0.0,True
411,-0.3458197341082569,1.8446643743303668,0.0,0.0,True
412,-0.11851422906345964,1.710001784591425,0.0,0.0,True
413,-0.956297930341276,1.327457529498144,0.0,0.0,True
414,-0.8412947466047784,1.670297043670637,0.0,0.0,True
415,-0.6298842405048871,0.8525677730270469,0.0,0.0,True
416,-3.6098003951177846,-0.9030997899661832,0.0,0.0,True
417,-3.944237884422102,-0.521483068842694,0.0,0.0,True
418,-3.8433270290894694,0.014780768716299821,0.0,0.0,True
419,-2.459157984469957,1.2262894634315908,0.0,0.0,True
420,-2.617855880359866,0.1573825028467343,0.0,0.0,True
421,-2.2665287341971143,0.6431283866883986,0.0,0.0,True
422,-2.9315796933046,1.193747774699685,0.0,0.0,True
426,8.748151400789485,6.853009504728427,0.0,0.0,False
428,8.365107072238988,6.434585621476829,0.0,0.0,True
429,8.490270571477073,5.963740570480836,0.0,0.0,True
430,8.9117814583677,5.780948598008118,0.0,0.0,True
431,8.082719225540401,5.587562728450649,0.0,0.0,True
432,8.244514261000814,5.084811866040911,0.0,0.0,True
433,7.9134480073366555,4.278210186296607,0.0,0.0,True
434,9.32352635769256,6.058425594697878,0.0,0.0,False
437,6.0444644687921105,0.1925947224033282,0.0,0.0,True
438,5.431079049857787,0.06098310327511736,0.0,0.0,True
439,4.018321544090765,-0.2679230290758975,0.0,0.0,True
441,4.719825870681095,-0.24214123494848266,0.0,0.0,True
443,3.5022299398869245,1.8174242730603185,0.0,0.0,True
444,3.0058930504298718,1.6194288305305433,0.0,0.0,True
445,5.630757500589448,1.1536630470820164,0.0,0.0,True
446,5.279791835014817,0.6258350195645698,0.0,0.0,True
447,3.879144069011535,2.539979522094288,0.0,0.0,True
448,6.279289113825447,3.261268261596165,0.0,0.0,True
451,7.551277072093258,3.7272086932600206,0.0,0.0,True
452,7.9027599051479935,3.9572599425121826,0.0,0.0,True
453,8.308544172278795,3.324013275445939,0.0,0.0,True
454,8.329697719592561,3.7117167843455894,0.0,0.0,True
455,7.850370270336067,2.781753448649378,0.0,0.0,True
456,7.074917858312761,3.0312694618485083,0.0,0.0,True
457,7.913393846110913,3.1486959988174963,0.0,0.0,True
458,7.578213393232766,3.3598052589216287,0.0,0.0,True
459,9.47293515254152,-1.390548884315672,0.0,0.0,True
462,10.006666041723312,-1.8763311329535466,0.0,0.0,True
463,8.488510961470919,-0.1938614495787312,0.0,0.0,True
464,9.104243639366375,-0.6883623246491299,0.0,0.0,True
465,9.009370924702742,-0.36028612597409476,0.0,0.0,True
466,10.350422776731035,3.7896688764532667,0.0,0.0,False
469,9.802171952419558,3.404724440585286,0.0,0.0,True
470,11.155546118444608,-0.2760609294969971,0.0,0.0,False
471,10.635647734319877,0.5716080927632802,0.0,0.0,True
474,7.131969517789483,7.223187369760973,0.0,0.0,True
475,6.765546416585445,7.506045033507996,0.0,0.0,True
476,6.487476009346725,6.287686689763887,0.0,0.0,True
477,6.488830768899725,6.934590646645604,0.0,0.0,True
478,5.482804844661187,8.02612667749264,0.0,0.0,True
479,5.830897287626008,6.82390267622815,0.0,0.0,True
481,6.101210418408528,7.07179766542426,0.0,0.0,True
482,6.181894973351527,7.674125047121092,0.0,0.0,True
483,5.399797858307773,7.410328505255962,0.0,0.0,True
484,5.595678014236058,7.6312685168071805,0.0,0.0,True
485,5.827848389495425,4.854911584327301,0.0,0.0,True
486,3.3352236705139475,5.970796151599678,0.0,0.0,True
487,3.888412345118434,6.032199461986196,0.0,0.0,True
488,3.668438013025399,8.033870683290516,0.0,0.0,True
492,6.011759183897703,6.2768826099277035,0.0,0.0,True
493,5.591130061282471,5.622179969514759,0.0,0.0,True
494,5.687382299981576,6.033323763939643,0.0,0.0,True
495,3.2112090359597585,9.168146006345397,0.0,0.0,True
497,2.932139011621917,9.599320901079418,0.0,0.0,True
499,3.6019284117510932,9.558550413493055,0.0,0.0,True
500,4.023486087489,9.437819824567498,0.0,0.0,True
501,1.0112454757427856,10.129787476906138,0.0,0.0,True
502,0.14192034727015032,10.269157072081383,0.0,0.0,True
503,0.5828414471648421,10.456245944929005,0.0,0.0,True
504,0.08131737812360453,9.816994044684309,0.0,0.0,True
506,-9.926325390473691,-4.431254119657651,0.0,0.0,False
507,-9.8676847967881,-5.354222344688019,0.0,0.0,False
508,-7.200765686735805,-5.853743918532353,0.0,0.0,True
509,-6.64726290759004,-6.24961626934086,0.0,0.0,True
510,-6.2279310390249965,-5.911029970053051,0.0,0.0,True
511,-6.544528285780506,-5.366806056935765,0.0,0.0,True
513,-7.863474910603155,-6.603371250549962,0.0,0.0,True
514,-7.926533911529161,-6.159539271164861,0.0,0.0,True
516,-7.376082391776744,-6.643578076487528,0.0,0.0,True
518,-7.871482352525152,-4.291802967159545,0.0,0.0,True
519,-7.135761375500052,-4.728154263911105,0.0,0.0,True
520,-8.4536038505034,-5.3457301125610925,0.0,0.0,True
521,-8.360893368358807,-4.962816959739721,0.0,0.0,True
522,-8.136365413108592,-5.6072625731123615,0.0,0.0,True
523,-7.636050068309031,-4.874961581468207,0.0,0.0,True
524,-7.5623512966091235,-5.366903915682751,0.0,0.0,True
526,-9.411049581148415,-2.539754132795067,0.0,0.0,True
527,-8.529480561219081,-2.3206800832674976,0.0,0.0,True
528,-8.651451833860046,-2.6912835255944665,0.0,0.0,True
529,-9.12464235164233,-2.810756800872718,0.0,0.0,True
532,-7.173415708060788,-4.0275270099136,0.0,0.0,True
533,-7.544354052883756,-3.917631555964142,0.0,0.0,True
534,-10.134277654100357,-2.295391819491688,0.0,0.0,True
535,-10.799358875398847,-2.4581898344771953,0.0,0.0,False
536,-10.611996962989576,-1.5043744966536756,0.0,0.0,False
538,-10.473849588277496,1.9035742597346257,0.0,0.0,False
539,-9.329874201103287,3.3378092239435455,0.0,0.0,True
543,-8.850127690096734,5.1820784004349445,0.0,0.0,True
544,-8.524883009963373,5.608811621772092,0.0,0.0,True
545,-8.59468650463188,4.703818705024031,0.0,0.0,True
546,-9.209443255839568,4.076772817523552,0.0,0.0,True
547,-9.217643576502315,4.453653910293698,0.0,0.0,True
548,-5.386049273644311,5.25118925858822,0.0,0.0,True
549,-5.631156503415991,5.525375361556455,0.0,0.0,True
550,-6.089699582150928,5.504290276288211,0.0,0.0,True
551,-8.438687608484468,1.89857061313612,0.0,0.0,True
552,-7.2817067015864865,3.0616132431903456,0.0,0.0,True
553,-7.759045229417666,2.48611829453278,0.0,0.0,True
554,-8.820146007951985,3.3455701874361523,0.0,0.0,True
555,-8.707513681269637,0.8400458750338012,0.0,0.0,True
556,-9.129421708483894,0.9656395683824576,0.0,0.0,True
557,-8.163490531465673,0.5130714659157795,0.0,0.0,True
558,-8.565143332914658,0.5294592093011786,0.0,0.0,True
559,-8.057165022356072,1.2451243202733149,0.0,0.0,True
560,-7.896252770678683,0.9081626761340479,0.0,0.0,True
561,-6.7150752354457675,0.2490563576357893,0.0,0.0,True
562,-6.532999633300489,0.8146606211008853,0.0,0.0,True
563,-7.42339234807456,0.7857633898485117,0.0,0.0,True
565,-9.860647669443905,0.9853827341898667,0.0,0.0,True
566,-9.356467197325465,0.796097467757246,0.0,0.0,True
567,-5.797079473960204,0.025466793409390717,0.0,0.0,True
568,-5.328874630675765,-0.597164017093911,0.0,0.0,True
569,-4.854021148276397,-1.6829829664959457,0.0,0.0,True
570,-4.187065325429556,-2.1759748510493453,0.0,0.0,True
572,7.912402432950413,-6.026526818665721,0.0,0.0,True
573,8.491067792749922,-5.517174382134891,0.0,0.0,True
574,8.406196758191939,-5.862177165472181,0.0,0.0,True
575,8.058784652130914,-5.13788659540821,0.0,0.0,True
576,7.694835951175185,-5.266812432767019,0.0,0.0,True
577,7.613870300511631,-5.806993754554529,0.0,0.0,True
580,6.419599466018917,-7.047003901397434,0.0,0.0,True
581,6.220088832737377,-6.404300178608686,0.0,0.0,True
583,9.795106156395475,-3.620973752584858,0.0,0.0,True
585,10.554005934362566,-2.7930597339181906,0.0,0.0,False
589,6.594075531409719,-4.87250587307395,0.0,0.0,True
590,7.3313027599784055,-4.423234281395506,0.0,0.0,True
591,7.382223275260898,-5.039505589998145,0.0,0.0,True
592,6.9576433310490176,-5.218163258203698,0.0,0.0,True
593,7.231872734644358,-1.0121795916161238,0.0,0.0,True
594,0.7990024748102986,-10.237215694880351,0.0,0.0,True
595,0.9857865954465498,-10.060625645782212,0.0,0.0,True
596,0.3516322057748794,-10.150789132439037,0.0,0.0,True
597,0.23761745997232672,-9.630070228793247,0.0,0.0,True
601,4.776326652886861,-9.227438178469088,0.0,0.0,True
602,2.728921244053343,-8.926771096420365,0.0,0.0,True
603,-4.730659535470204,-9.575924311961375,0.0,0.0,True
608,-2.6944870963753615,-10.266113055962151,0.0,0.0,True
611,-2.913339941985047,-10.752125793500385,0.0,0.0,False
613,-3.3148181835009143,-9.81280156690453,0.0,0.0,True
614,-2.7451831146842633,-9.463837018244316,0.0,0.0,True
615,-2.9604946294068717,-9.8450159328514,0.0,0.0,True
617,-1.0646201675029991,-11.281332111243918,0.0,0.0,False
619,-6.874415519640252,-7.80675207435525,0.0,0.0,True
620,-6.5712441784153945,-7.487927946722422,0.0,0.0,True
621,-6.7004354936180714,-8.293596805448354,0.0,0.0,True
622,-6.10886189772816,-7.592802910970996,0.0,0.0,True
624,-6.41993588586581,-9.260894711750185,0.0,0.0,False
626,-4.98967276886325,-4.933741118579126,0.0,0.0,True
627,-5.31546968488144,-5.764857211530924,0.0,0.0,True
629,-5.570918015109243,-5.256560275324504,0.0,0.0,True
630,-5.771802227365458,0.7345561751907957,0.0,0.0,True
631,-5.355820507538825,0.7433523364385177,0.0,0.0,True
633,-5.165197200921007,0.32582393854423763,0.0,0.0,True
634,-4.847463510922771,-0.24040425432058907,0.0,0.0,True
635,-4.399397131479416,0.09402549985536097,0.0,0.0,True
638,-6.462564397636196,-4.073059672759153,0.0,0.0,True
639,-6.918200190897332,-3.8569192511457757,0.0,0.0,True
640,-6.840798340295251,-3.3705454657875387,0.0,0.0,True
641,-6.205176716066487,-3.292307811295023,0.0,0.0,True
642,-5.757025621244868,-3.746483634741696,0.0,0.0,True
643,-6.0322213520161565,-3.6672474502438117,0.0,0.0,True
644,-1.6541212180087241,-4.549905973929521,0.0,0.0,True
645,-2.478046193276836,-5.139696279344363,0.0,0.0,True
646,-1.9620122467836991,-5.135788973469914,0.0,0.0,True
647,-3.3031429436847666,-4.395818189954578,0.0,0.0,True
648,-3.160437849675498,-4.751999683102749,0.0,0.0,True
649,-2.6450615918886897,-4.803646354882508,0.0,0.0,True
650,-3.387410515706295,-1.6922326471338993,0.0,0.0,True
651,-1.4436672654243379,-0.35351146556104035,0.0,0.0,True
652,-0.9548079354676334,-0.3298863404884018,0.0,0.0,True
653,3.6503164937754353,-7.214077282795443,0.0,0.0,True
654,4.5334022541748125,-7.544288533225589,0.0,0.0,True
655,4.309721773820086,-6.9856595856359744,0.0,0.0,True
656,3.883842953149089,-6.920639977705592,0.0,0.0,True
657,2.5249752931892964,-5.194482966368327,0.0,0.0,True
658,2.221773675387064,-5.4494309198552315,0.0,0.0,True
659,1.7874718139780539,-5.301558182815017,0.0,0.0,True
660,1.0643368257476733,-4.583231117501124,0.0,0.0,True
661,1.6912003967071478,-4.822268584421128,0.0,0.0,True
662,2.3333429890115127,-8.788210006281929,0.0,0.0,True
663,2.2370766654476673,-8.361757045849886,0.0,0.0,True
664,2.0373835167831738,-9.055778238825788,0.0,0.0,True
665,1.9744256879595483,-7.514636785311733,0.0,0.0,True
666,2.540052575459619,-6.8626221544879895,0.0,0.0,True
667,1.0344508327869548,-7.212844375102666,0.0,0.0,True
668,1.5823375549482555,-6.085562232441341,0.0,0.0,True
669,1.3497455253422836,-6.315127112636534,0.0,0.0,True
670,2.1240372734136117,-6.242421404929175,0.0,0.0,True
671,2.2362296129548764,-6.748224936221326,0.0,0.0,True
672,1.47977431944591,-6.8972436412364075,0.0,0.0,True
673,1.8854829200194743,-7.047058375612772,0.0,0.0,True
674,3.685314482056953,-4.2344615172578415,0.0,0.0,True
675,3.8907177359056577,-3.777576868538091,0.0,0.0,True
676,4.215471678787441,-3.7252965333856882,0.0,0.0,True
677,4.514671498692098,-4.36967057859097,0.0,0.0,True
678,4.696213915748839,-3.9704590577334145,0.0,0.0,True
679,4.012259312078569,-4.651936839848905,0.0,0.0,True
681,4.280251569478529,-5.465295008365201,0.0,0.0,True
682,4.418601382820688,-5.099433271494412,0.0,0.0,True
683,4.77870426398232,-5.029936184377503,0.0,0.0,True
684,4.730410589724712,-5.858792140554448,0.0,0.0,True
686,5.055139426259695,-5.382728133549954,0.0,0.0,True
687,1.1798863020578323,-0.5209164799124862,0.0,0.0,True
688,0.4434119606315427,-0.22649705321056324,0.0,0.0,True
689,0.4521024613083555,-0.9173987864725155,0.0,0.0,True
690,0.8795828695946015,-0.9976873346808601,0.0,0.0,True
691,1.9557029639852384,-1.7926563249940146,0.0,0.0,True
692,3.8366035440651642,-2.617550843653563,0.0,0.0,True
693,2.360565686140671,0.001875153925516372,0.0,0.0,True
694,1.8620896415944965,-0.040923140198506944,0.0,0.0,True
695,2.4752485011537506,-0.6813427070458995,0.0,0.0,True
698,3.1640927035930524,-0.3238605027127977,0.0,0.0,True
699,9.317556826573357,-2.5210068532404706,0.0,0.0,True
701,9.563318170976869,-3.1816362311202604,0.0,0.0,True
703,9.81499819169384,-2.5432366251675833,0.0,0.0,True
704,9.961845654615813,-2.95293533336458,0.0,0.0,True
705,8.07755163390503,-2.165416591119988,0.0,0.0,True
706,7.914542413152187,-1.690792379232324,0.0,0.0,True
707,7.342670827324818,-1.5658893897445216,0.0,0.0,True
708,0.10062621093544707,-4.537263843169988,0.0,0.0,True
709,3.3480001399084194,-4.252320876274412,0.0,0.0,True
710,3.0072340998574685,-3.692218934156761,0.0,0.0,True
711,2.772585560274905,-3.70239541506964,0.0,0.0,True
712,3.1468929624935202,-4.572440285609118,0.0,0.0,True
713,-7.221479809789569,6.928094895672077,0.0,0.0,True
715,-7.616925243919671,6.678889354210761,0.0,0.0,True
716,-7.723991064780931,7.265329573041056,0.0,0.0,False
720,2.2630298338019834,10.834799602448513,0.0,0.0,False
722,1.3723460572997734,10.31732871044461,0.0,0.0,True
723,-3.1215215822825684,6.049577375933158,0.0,0.0,True
724,-2.518371950405296,5.677327305273149,0.0,0.0,True
725,-2.9388173906080888,5.772194750548761,0.0,0.0,True
726,1.1726070309993695,9.200773574081536,0.0,0.0,True
727,0.3145504545507634,9.107229096644279,0.0,0.0,True
728,0.9080624611103436,9.709664144401833,0.0,0.0,True
729,0.3784155857554159,9.573690638994323,0.0,0.0,True
730,-0.05162241350004621,8.362438826599732,0.0,0.0,True
731,-0.3349668637917845,8.15220733316871,0.0,0.0,True
732,0.022995879132990435,7.50966145015942,0.0,0.0,True
733,-0.3324634567676963,7.832228207774806,0.0,0.0,True
734,-0.43730071006065413,9.090968587856324,0.0,0.0,True
735,-1.1090528088346423,9.666482386485162,0.0,0.0,True
736,-0.39871553186439795,9.612423678451808,0.0,0.0,True
737,-0.7052808763640199,9.83615904392547,0.0,0.0,True
738,-1.4997635171767836,9.96723942869916,0.0,0.0,True
739,-1.7765653021863623,9.842215099615688,0.0,0.0,True
740,-2.204245179927319,10.05041407609315,0.0,0.0,True
741,-1.4329322678839735,10.398276720964565,0.0,0.0,True
743,-2.2943403691555084,10.376228600200417,0.0,0.0,True
744,-2.76306624655537,10.480475008015759,0.0,0.0,True
745,-2.9479095957747496,11.117533621524055,0.0,0.0,False
747,-2.2251380928777746,2.6052106868708376,0.0,0.0,True
748,-2.7665610701037986,2.8465511277649247,0.0,0.0,True
749,-2.5790577753909587,1.8779301762617413,0.0,0.0,True
750,-2.2378816503272483,2.08753335374712,0.0,0.0,True
752,-3.0520607630645955,2.213379653707813,0.0,0.0,True
753,-2.079670711305928,3.4972714494241477,0.0,0.0,True
754,-0.954199360095916,2.967326495017519,0.0,0.0,True
755,-1.3732252753674294,3.798702746455915,0.0,0.0,True
756,-1.5940578433487915,3.0051131962775,0.0,0.0,True
757,-1.7411978620086483,3.3775577470473848,0.0,0.0,True
758,-4.082612839315946,4.005199532714098,0.0,0.0,True
760,-3.487394672799258,4.125720300324856,0.0,0.0,True
761,-4.4870623556843965,6.56115028699609,0.0,0.0,True
763,-3.790870644985942,6.302147235167939,0.0,0.0,True
764,-3.700514232711533,6.623111345877454,0.0,0.0,True
765,3.5883808825701715,6.79745776636487,0.0,0.0,True
766,3.1996766318896093,6.7235457858634025,0.0,0.0,True
767,3.7573758590885724,7.246574729714856,0.0,0.0,True
768,3.4966106144181546,7.582395975819485,0.0,0.0,True
769,2.923755601719956,8.253788518009623,0.0,0.0,True
770,0.7040270135918574,8.838484189914956,0.0,0.0,True
772,0.5369983897962264,6.227188179717452,0.0,0.0,True
773,1.2492662056609334,6.103252087346054,0.0,0.0,True
774,1.0202753168426295,5.99308040610464,0.0,0.0,True
775,2.672818429448246,2.2264737979002116,0.0,0.0,True
776,3.1301671278418817,2.4582304684917786,0.0,0.0,True
777,3.0662569110073665,2.940061864447851,0.0,0.0,True
778,2.6133135273035295,3.035733658114318,0.0,0.0,True
779,2.34254561020178,2.5740569597758705,0.0,0.0,True
780,1.3808797604044452,6.688301964672431,0.0,0.0,True
782,0.013227896905684523,5.547611178856864,0.0,0.0,True
783,0.27089756242897356,5.674927023653685,0.0,0.0,True
784,2.1766885302248187,4.200605288760048,0.0,0.0,True
785,2.676249340807643,4.181228142084951,0.0,0.0,True
786,2.8215426923448184,3.82515600813679,0.0,0.0,True
787,2.4633118706826984,3.3841631438263096,0.0,0.0,True
788,1.443748835038784,4.4390179335375635,0.0,0.0,True
789,1.7239513743991746,5.3219035996697395,0.0,0.0,True
790,2.102778292943988,4.979576966044599,0.0,0.0,True
791,1.9527155228381912,4.531047561784716,0.0,0.0,True
792,1.261145314329176,3.8319655059296687,0.0,0.0,True
794,1.9676897090474081,3.4260820064171438,0.0,0.0,True
795,1.8417534132666293,3.6943050218618434,0.0,0.0,True
796,0.011915915518944857,3.211081452826232,0.0,0.0,True
797,-0.04667837534229455,4.232551244686878,0.0,0.0,True
799,0.40164124505966103,3.408882763570509,0.0,0.0,True
801,1.0251101643625649,-0.19498781941688986,0.0,0.0,True
802,2.1434127214276093,1.5918955575698543,0.0,0.0,True
803,0.46650958637476797,2.4124509605181808,0.0,0.0,True
804,0.4170609644998444,1.9723413669296825,0.0,0.0,True
805,0.7568001914815529,1.5974239270615511,0.0,0.0,True
806,-3.153556727180932,-0.7761766529839178,0.0,0.0,True
807,-3.10591786177653,-0.3145860040624156,0.0,0.0,True
808,-2.2666291469653426,-0.2367946343221807,0.0,0.0,True
810,-3.4578839047851666,0.029991299046325196,0.0,0.0,True
812,-3.1852144617869786,0.7968036213232266,0.0,0.0,True
813,-3.098423699803166,0.4996158760735677,0.0,0.0,True
814,-3.7034538980673912,0.9053800992816373,0.0,0.0,True
815,-3.9182257119435926,0.6744864660631071,0.0,0.0,True
816,7.819942064395632,5.66983189594914,0.0,0.0,True
817,7.061710285077312,5.686812588357865,0.0,0.0,True
818,7.4171779849342565,5.419556691644306,0.0,0.0,True
819,7.449667431584728,4.550413208746681,0.0,0.0,True
820,7.466416178433248,4.775326945224483,0.0,0.0,True
821,7.272085748306811,4.974950443065084,0.0,0.0,True
824,6.616306098465188,4.59736158331284,0.0,0.0,True
825,8.591928449130979,4.498264030393689,0.0,0.0,True
827,9.23380890092049,4.891690698141717,0.0,0.0,True
828,8.876833172236283,5.328115967195571,0.0,0.0,True
829,6.1848585128761036,0.37693595141044406,0.0,0.0,True
830,6.087013446221911,0.8315104155921252,0.0,0.0,True
831,4.796752207951905,-0.7197396238390443,0.0,0.0,True
832,2.8944482508155525,1.1648472308289615,0.0,0.0,True
833,2.539886177667374,0.32993353711618056,0.0,0.0,True
834,3.003644454625204,0.40183943445834663,0.0,0.0,True
835,3.1490772958869377,0.8974992040920856,0.0,0.0,True
836,2.3080957957021737,1.105968783013364,0.0,0.0,True
837,2.172743035576115,0.8398090060721952,0.0,0.0,True
838,4.561535763757734,0.35273613665625975,0.0,0.0,True
839,4.818439262439582,0.6916790997123476,0.0,0.0,True
840,3.915010259345392,0.3369828722319827,0.0,0.0,True
842,6.44589676777744,1.66630214491611,0.0,0.0,True
843,6.9023333956277995,1.7194345208374906,0.0,0.0,True
844,6.437641874110314,1.0812809366304263,0.0,0.0,True
845,7.064581183728935,1.295420051806376,0.0,0.0,True
846,6.8157346812274735,0.9660555349067012,0.0,0.0,True
847,6.653137900447347,2.5391343008953173,0.0,0.0,True
849,7.565548424057218,1.9612736544541587,0.0,0.0,True
851,7.470874776238827,2.642200053036574,0.0,0.0,True
853,9.681327178426299,-0.9679447019298069,0.0,0.0,True
855,10.338315247211689,-1.064866227886126,0.0,0.0,True
857,7.3557720305811785,1.3074435797625197,0.0,0.0,True
858,7.615316695472039,1.0374841812810904,0.0,0.0,True
860,8.721003582697552,-1.2398595472358043,0.0,0.0,True
863,8.082510818221083,-1.4575465672285703,0.0,0.0,True
864,8.270890223359492,-0.3715756568615914,0.0,0.0,True
865,7.648865975955364,-0.30057293989363176,0.0,0.0,True
866,7.527577968551993,-0.8154390046192239,0.0,0.0,True
867,7.92869745841311,-1.0184512779838204,0.0,0.0,True
868,8.307843470781373,-0.7735064190964246,0.0,0.0,True
869,10.310828206567793,1.036461627907989,0.0,0.0,True
870,8.775728335634778,4.005356738419838,0.0,0.0,True
871,9.09414971905397,3.80185880170911,0.0,0.0,True
873,9.601375697792601,4.18149909376136,0.0,0.0,True
874,9.359538434998788,3.8618289177760214,0.0,0.0,True
875,9.594735353564444,4.5009658088895845,0.0,0.0,True
877,8.972378910748624,3.1939789200560678,0.0,0.0,True
878,8.613760167877832,3.0765703052644384,0.0,0.0,True
879,10.683893020201852,1.5332366609285832,0.0,0.0,False
881,11.22533782352973,0.6848762285314615,0.0,0.0,False
882,6.039075237761092,8.34443261734526,0.0,0.0,True
883,5.698590644837083,9.501745074208408,0.0,0.0,False
884,7.7533810252719375,6.774741014473221,0.0,0.0,True
885,7.208117464384581,6.782746339826599,0.0,0.0,True
886,7.9238065208401816,6.491516509642961,0.0,0.0,True
887,7.673312462213423,6.119656906574747,0.0,0.0,True
888,6.962162159167489,6.3759612982531815,0.0,0.0,True
889,7.167554712038426,6.103639075203495,0.0,0.0,True
890,5.505603112598557,8.838257698785355,0.0,0.0,True
893,5.8438300521582995,4.49991997096088,0.0,0.0,True
894,6.142249548818388,4.359993421235042,0.0,0.0,True
895,6.218661051130934,3.997398403039728,0.0,0.0,True
896,5.948365859609981,3.61066225265823,0.0,0.0,True
897,5.0362335798877815,4.8884002353797396,0.0,0.0,True
898,4.800928364143724,5.764556270572296,0.0,0.0,True
900,5.443806935599411,5.106399360342262,0.0,0.0,True
901,3.1387997211457734,5.564311127396699,0.0,0.0,True
902,2.6150461872608495,5.531373608861686,0.0,0.0,True
903,2.4435144652972967,5.068283036012123,0.0,0.0,True
904,4.1415365718359896,8.113195695938499,0.0,0.0,True
905,5.040773825144249,8.173045442667236,0.0,0.0,True
906,4.309355246803149,8.665868755539043,0.0,0.0,True
907,4.146827224493298,7.276407904671834,0.0,0.0,True
908,4.838371791263142,6.983242223022758,0.0,0.0,True
910,4.9096782891323265,7.446273633887905,0.0,0.0,True
911,4.707495626709261,7.764026156871107,0.0,0.0,True
912,4.399549027231203,7.7589786675981545,0.0,0.0,True
913,1.6832360412614487,9.542490162482467,0.0,0.0,True
914,2.5313942017990474,9.595998875961543,0.0,0.0,True
916,-8.788632224995409,-1.995014604644226,0.0,0.0,True
917,-9.37649022521505,-1.753922195797084,0.0,0.0,True
921,-8.645279845658026,-4.695223720620107,0.0,0.0,True
922,-9.175728723951998,-4.8401689851824985,0.0,0.0,True
923,-9.52759483509541,-4.355685731784192,0.0,0.0,True
924,-7.020100012610073,-3.1400894482639847,0.0,0.0,True
927,-9.866429476896883,1.4981975320990286,0.0,0.0,True
929,-9.892299474851814,2.090188829151314,0.0,0.0,True
933,-8.203748588482279,6.2428849654318475,0.0,0.0,True
934,-8.567143838288802,5.766699170427398,0.0,0.0,True
937,-9.223467397297254,6.034213642833309,0.0,0.0,False
938,-8.675684400335367,3.9123005997560285,0.0,0.0,True
939,-8.594927157209074,3.6077819380157328,0.0,0.0,True
940,-7.918271728075301,3.4887907805141967,0.0,0.0,True
941,-8.076982641666923,3.38988069170358,0.0,0.0,True
942,-4.963774550522349,4.525612974556641,0.0,0.0,True
943,-5.461277206638645,4.835773155592041,0.0,0.0,True
944,-4.381060523712123,3.080797042199485,0.0,0.0,True
946,-4.955607268926656,1.3314859519812698,0.0,0.0,True
947,-5.239227400893476,1.1779264577194277,0.0,0.0,True
948,-5.670332464189717,3.3596262931517304,0.0,0.0,True
949,-6.582411602007619,3.56468169438116,0.0,0.0,True
950,-6.180514972123564,3.723363308382169,0.0,0.0,True
951,-7.26212734170648,3.8516812963182505,0.0,0.0,True
952,-6.970917712338334,4.071456727476229,0.0,0.0,True
953,-6.135835702998598,4.159118769503622,0.0,0.0,True
954,-5.77669976319618,4.31001931560602,0.0,0.0,True
955,-5.734772258495834,4.706242478377186,0.0,0.0,True
956,-6.522735687950714,5.068102716499168,0.0,0.0,True
958,-8.147179769058061,2.956798797392489,0.0,0.0,True
959,-8.462487418820277,2.273678666458835,0.0,0.0,True
960,-8.627272200196694,2.9279837988210997,0.0,0.0,True
961,-8.842742265093156,0.12324471774345874,0.0,0.0,True
962,-9.424679131775832,0.04149478969462996,0.0,0.0,True
963,-9.239942412479191,0.1983062470876998,0.0,0.0,True
965,-7.183646273777798,0.9922816366607674,0.0,0.0,True
967,-7.924584348834719,1.7966318043323597,0.0,0.0,True
968,-7.825343939552226,1.5981054558867682,0.0,0.0,True
969,-7.124640368199758,2.1816608892938074,0.0,0.0,True
970,-7.055292141230158,1.7544368495842093,0.0,0.0,True
971,-7.315067194758579,1.5114159361899122,0.0,0.0,True
972,-10.044441215418562,0.7850188860262421,0.0,0.0,True
974,-10.193200951767917,0.007588577995806116,0.0,0.0,True
975,-9.862057536086132,0.22084948143833383,0.0,0.0,True
978,-5.645354841463004,-1.3923798815055168,0.0,0.0,True
979,-6.4861893095478615,-0.20576436578412405,0.0,0.0,True
980,-5.909976005637554,-0.38076781024728235,0.0,0.0,True
983,5.647338244580236,-5.9563157128148125,0.0,0.0,True
984,5.722244169165142,-6.751583336427651,0.0,0.0,True
986,5.242472878764199,-6.156467334859388,0.0,0.0,True
987,5.257229750595657,-6.504143794414348,0.0,0.0,True
991,5.984172663852721,-4.2017359160312395,0.0,0.0,True
992,6.685667417052914,-0.47865885365325805,0.0,0.0,True
993,6.79196783001682,-0.8633802628665114,0.0,0.0,True
994,6.227364609816099,-0.3447002045996192,0.0,0.0,True
997,4.492664394558945,-8.448391498210263,0.0,0.0,True
998,5.081747425502906,-8.316065693807596,0.0,0.0,True
999,5.335122230055157,-8.784200330356587,0.0,0.0,True
1000,3.9226556155113665,-9.365257065687972,0.0,0.0,True
1002,3.448219616368318,-9.336568526484758,0.0,0.0,True
1003,2.7836823851260495,-9.327793279010569,0.0,0.0,True
1004,2.7254237712676352,-10.19565036001744,0.0,0.0,False
1006,3.1549861465718223,-9.556200282260843,0.0,0.0,True
1007,-3.5956890070086587,-9.226289750223453,0.0,0.0,True
1009,-4.365859516964339,-8.77179895623347,0.0,0.0,True
1011,-4.326985877478606,-9.399440782867016,0.0,0.0,True
1012,-4.066233444609414,-9.53020134952039,0.0,0.0,True
1013,-5.643163761741438,-8.816531501958078,0.0,0.0,True
1014,-6.079077456081457,-8.786755242297374,0.0,0.0,True
1015,-6.266207093410514,-8.358022007523541,0.0,0.0,True
1016,-5.962993541459781,-7.965944268229593,0.0,0.0,True
1017,-5.523474406806641,-8.021961808008818,0.0,0.0,True
1018,-5.358124207229561,-8.375755413449939,0.0,0.0,True
1019,-4.121711358869223,-4.695740426581289,0.0,0.0,True
1020,-4.72398914668042,-5.49751707333893,0.0,0.0,True
1021,-4.427032756401895,-4.61007304173472,0.0,0.0,True
1023,-4.3925780993945756,-3.1005260978626445,0.0,0.0,True
1025,-5.023337142194868,-3.6537611659814555,0.0,0.0,True
1026,-5.301390125654104,-3.4467074639564848,0.0,0.0,True
1027,-1.1340907507870155,-2.2854348134135867,0.0,0.0,True
1028,-0.3223226623494028,-1.8890080070587758,0.0,0.0,True
1029,-0.9578971523710609,-3.071703509275874,0.0,0.0,True
1030,-0.8352690642189157,-2.6221311855553835,0.0,0.0,True
1031,0.004676852050118181,-3.1914001740012665,0.0,0.0,True
1032,-0.35002336987422794,-2.509047212943057,0.0,0.0,True
1033,-1.3819122960289467,-3.1854849573186996,0.0,0.0,True
1034,-1.539754711421311,-3.754360029996675,0.0,0.0,True
1035,-2.3576240969465774,-0.6698834777762999,0.0,0.0,True
1036,-2.815451412634024,-1.5152706011768022,0.0,0.0,True
1037,-2.9197580133287238,-0.9341067268098378,0.0,0.0,True
1038,-3.935968332888969,-2.380013438731517,0.0,0.0,True
1039,-3.4336216051429185,-2.1760558052695433,0.0,0.0,True
1040,-3.980422108734699,-2.8884956442951717,0.0,0.0,True
1041,-0.9264003025048374,-1.8033433550302926,0.0,0.0,True
1045,-0.7396863774442393,-0.9759949637965004,0.0,0.0,True
1046,-1.5852977757954447,-0.8439907068791755,0.0,0.0,True
1047,-2.0107559267858504,-0.9744766445144516,0.0,0.0,True
1048,-1.1723417734419597,-1.507527683228655,0.0,0.0,True
1049,-1.1209038059035337,-1.2238474406273576,0.0,0.0,True
1050,3.852491645148371,-7.714885009783245,0.0,0.0,True
1051,3.9042422188586907,-8.593467676884838,0.0,0.0,True
1053,4.333201267358925,-7.791699081881753,0.0,0.0,True
1054,1.7803426590398965,-8.285453325008326,0.0,0.0,True
1055,1.6105496304863964,-7.881264659061169,0.0,0.0,True
1056,1.33043579253943,-7.827142495922956,0.0,0.0,True
1057,2.474343102350568,-7.719721697294689,0.0,0.0,True
1058,2.5058974394487494,-8.146463705541766,0.0,0.0,True
1059,2.839929506496164,-7.501150780085818,0.0,0.0,True
1061,0.6287767862098811,-6.641219471695861,0.0,0.0,True
1063,0.19209500430574913,-6.75276600382166,0.0,0.0,True
1064,0.14410754785769977,-7.305382363584659,0.0,0.0,True
1065,0.5196740383277904,-7.521921283429861,0.0,0.0,True
1066,1.2450293325233952,-2.0540881594288525,0.0,0.0,True
1069,1.3399280612443016,-1.2773856461922648,0.0,0.0,True
1071,0.9216581883721606,-1.6790779184494138,0.0,0.0,True
1072,3.380769050092385,-1.0417595612176702,0.0,0.0,True
1074,0.37738167169472925,-4.282095692613,0.0,0.0,True
1077,-0.6299077669027506,-3.9596851532037722,0.0,0.0,True
1078,-1.014816298178398,-4.815660953840491,0.0,0.0,True
1079,-1.1297841180225792,-4.569000725334227,0.0,0.0,True
1080,-0.4771283890739844,-4.919545307134942,0.0,0.0,True
1081,-0.13513814006269176,-4.506095241947522,0.0,0.0,True
1082,1.838038414968917,-4.206369504157655,0.0,0.0,True
1083,2.13480634547676,-3.9688319151970024,0.0,0.0,True
1084,2.507238647636343,-4.072378508045155,0.0,0.0,True
1085,1.912757061202053,-4.607161211357883,0.0,0.0,True
1086,2.529840787637606,-4.611613932027449,0.0,0.0,True
1088,-3.0060447476442453,6.736018215260507,0.0,0.0,True
1091,-2.797973734260048,7.714075205725725,0.0,0.0,True
1092,-2.667882734365575,8.098652878380197,0.0,0.0,True
1093,-2.576909273735755,7.341220522454338,0.0,0.0,True
1094,-2.2110405493169143,7.2828031132963655,0.0,0.0,True
1095,-0.913273493714506,8.438931808684133,0.0,0.0,True
1096,-1.2074991407299742,9.07017283311272,0.0,0.0,True
1097,-0.9144192794585254,8.848570414582731,0.0,0.0,True
1098,-1.1555367434753754,5.923157218742918,0.0,0.0,True
1099,-1.1005027893760722,5.439479088567096,0.0,0.0,True
1100,-1.669494508699307,6.575804601586538,0.0,0.0,True
1101,-2.0666629918351047,6.7075461157598095,0.0,0.0,True
1102,-2.401643548880956,6.431399236963446,0.0,0.0,True
1103,-1.5693010823642395,6.075653137708248,0.0,0.0,True
1104,-2.312527951343461,5.846518715764671,0.0,0.0,True
1105,-1.9615112592364596,5.726485098458,0.0,0.0,True
1106,-0.2033349666755011,6.973349889889208,0.0,0.0,True
1107,0.25479985437120306,6.539869217110861,0.0,0.0,True
1108,-0.766440057405203,6.24615541047223,0.0,0.0,True
1110,-0.4398741559638317,6.125279546684251,0.0,0.0,True
1111,-3.1169297469047454,10.135353947739791,0.0,0.0,True
1112,-2.997600798859436,9.738617123006328,0.0,0.0,True
1113,-3.2212350312638156,9.439624288077423,0.0,0.0,True
1114,-3.7266865842304338,9.442987378291196,0.0,0.0,True
1116,-3.712153784770505,10.40789252471658,0.0,0.0,False
1117,-3.8590080719849738,9.664263171967361,0.0,0.0,True
1121,-1.8323833569542123,5.2393832126813,0.0,0.0,True
1122,-1.4627685190300224,5.145361498889787,0.0,0.0,True
1123,-1.2964268225584774,4.627486320856392,0.0,0.0,True
1124,-1.5634132082807835,4.296517722321439,0.0,0.0,True
1125,-0.7651899367899037,3.2995463156416927,0.0,0.0,True
1126,-1.0230505961369682,3.7550662295249735,0.0,0.0,True
1127,-0.27072911665804583,3.415264350146195,0.0,0.0,True
1128,-0.6831386481443095,4.192457942645685,0.0,0.0,True
1129,-0.26629997429283403,4.067609095754741,0.0,0.0,True
1130,-3.859359654331227,5.553331659160074,0.0,0.0,True
1132,-4.0901423011954705,7.112044340987202,0.0,0.0,True
1133,-4.195430783016479,7.792979103955582,0.0,0.0,True
1136,-4.748983417772714,7.768489835065445,0.0,0.0,True
1137,-4.8054765880097,7.310067014142305,0.0,0.0,True
1138,2.8714843952596594,7.113336850402384,0.0,0.0,True
1139,3.016525197907232,7.506979787323538,0.0,0.0,True
1140,2.7649758955606747,7.817592037495831,0.0,0.0,True
1141,2.2537038924240367,7.753768902112865,0.0,0.0,True
1142,2.6500871575800735,8.552911036906929,0.0,0.0,True
1143,2.7325347912154907,8.898927902562953,0.0,0.0,True
1144,2.031041521078314,9.201491694034615,0.0,0.0,True
1145,2.3688152494159174,9.266955653732078,0.0,0.0,True
1146,2.0235693174027616,8.089315905147965,0.0,0.0,True
1147,1.4313762653177897,8.706351907352586,0.0,0.0,True
1148,1.8997993144636953,8.80040494335065,0.0,0.0,True
1149,2.1870148417114423,8.459418597385248,0.0,0.0,True
1150,0.5329946395218548,8.25642704141995,0.0,0.0,True
1152,0.6097679090943217,7.474542999782279,0.0,0.0,True
1153,3.241353096694167,3.696788072798381,0.0,0.0,True
1154,3.3267814858886493,3.1770652811435127,0.0,0.0,True
1155,3.749075609820038,3.052951766742021,0.0,0.0,True
1156,3.76026262871426,3.9627796045422334,0.0,0.0,True
1157,0.7408273115061792,4.600131401683067,0.0,0.0,True
1158,0.5005131744359206,4.891965147095714,0.0,0.0,True
1159,1.2044431930361736,4.697328730501207,0.0,0.0,True
1160,1.3230644125930273,5.175766527118949,0.0,0.0,True
1161,0.9691164393431254,5.4751156074998395,0.0,0.0,True
1162,0.6430488165342402,5.361003935230634,0.0,0.0,True
1163,0.5110902738736478,1.1380862810968526,0.0,0.0,True
1164,0.8063712028685083,0.6940459960190699,0.0,0.0,True
1165,-0.021033962732722518,1.1878129525464682,0.0,0.0,True
1166,-0.28824863000028567,0.8343860114266242,0.0,0.0,True
1167,-0.09770604529401494,0.47517936167114316,0.0,0.0,True
1168,0.4043994618139088,0.39600605018107715,0.0,0.0,True
1169,1.3802989369190186,1.0464195943126011,0.0,0.0,True
1170,1.7688376421801322,0.759753561793848,0.0,0.0,True
1171,1.6158443176623718,0.2282999437497718,0.0,0.0,True
1172,1.2056664628390465,0.16337419742662143,0.0,0.0,True
1174,1.2980238016683836,1.563926161365243,0.0,0.0,True
1176,1.9497305683147559,1.6823361067024902,0.0,0.0,True
1177,0.6735698174778744,2.520627686477263,0.0,0.0,True
1178,0.9178730732077439,3.1848220255022883,0.0,0.0,True
1180,6.983045075890886,0.5811609041452304,0.0,0.0,True
1181,7.534766047033284,-0.13708831764869828,0.0,0.0,True
1182,6.972600215528509,-0.13150063343736357,0.0,0.0,True
1183,6.782712255580796,0.28937472914399165,0.0,0.0,True
1184,7.7275200830450395,0.3321949408084034,0.0,0.0,True
1185,7.491658852534967,0.6100319157990208,0.0,0.0,True
1186,4.45411746877892,-1.0538966037317292,0.0,0.0,True
1187,3.83447822425205,-1.7773958744715965,0.0,0.0,True
1188,4.147359611395267,-1.0113711824356917,0.0,0.0,True
1189,3.8257897979871616,-1.3510768011320802,0.0,0.0,True
1190,4.193049170895192,2.463980337792066,0.0,0.0,True
1191,4.428061152320593,2.017003910768448,0.0,0.0,True
1192,4.578723360957754,2.863114209307345,0.0,0.0,True
1193,3.761140526576241,1.6020700594976194,0.0,0.0,True
1194,4.290995585408353,1.7113383828001647,0.0,0.0,True
1195,3.651897219104452,1.0557906439871358,0.0,0.0,True
1196,3.928560449665071,0.8478071812681869,0.0,0.0,True
1197,4.594856315636556,1.2006555049984777,0.0,0.0,True
1199,9.859756065491021,-0.3832402792188427,0.0,0.0,True
1200,10.43452361990503,0.23290522163938057,0.0,0.0,True
1201,10.611814889335397,-0.20202243843787135,0.0,0.0,True
1202,10.364845596597393,-0.4625106046350329,0.0,0.0,True
1204,8.083318653779841,2.4957313155983734,0.0,0.0,True
1205,8.462896736369704,2.5431056344007104,0.0,0.0,True
1206,8.705004943754199,2.2617486547052708,0.0,0.0,True
1207,9.486770769381495,1.5772870873882516,0.0,0.0,True
1212,10.114344622834412,1.728073560397669,0.0,0.0,True
1216,7.060180840512884,8.119174962242374,0.0,0.0,False
1217,6.4894770529514165,8.656405140788678,0.0,0.0,False
1220,4.570777514929119,8.744199144302325,0.0,0.0,True
1221,4.998331527002818,8.449926305440856,0.0,0.0,True
1222,5.078709011441561,4.339715197860991,0.0,0.0,True
1223,5.433992722028404,4.193075196583276,0.0,0.0,True
1224,5.5600053120077275,3.6546375431270297,0.0,0.0,True
1225,5.305897917905262,3.4065390571557,0.0,0.0,True
1226,1.8737364285007734,10.163141737751312,0.0,0.0,True
1227,1.9163674306251663,10.065953528110281,0.0,0.0,True
1228,2.403133210808433,9.974486344755327,0.0,0.0,True
1233,4.509017703911931,9.902478592749754,0.0,0.0,False
1235,5.2148657658184465,9.181126482737891,0.0,0.0,True
1237,4.756046430618627,9.206510727808741,0.0,0.0,True
1238,-10.02739138690651,-1.8818171317364392,0.0,0.0,True
1242,-8.605666026811626,-4.3452029322743275,0.0,0.0,True
1243,-8.313037868442551,-4.154519464631041,0.0,0.0,True
1244,-9.962167629831415,-4.0010226780364935,0.0,0.0,False
1247,-6.8329542560435375,-2.6943119066715786,0.0,0.0,True
1248,-6.487396180879713,-1.8795991946956967,0.0,0.0,True
1249,-7.741817198530354,-3.5494963530651833,0.0,0.0,True
1250,-7.670564573110924,-3.047781683208114,0.0,0.0,True
1252,-8.415697015489235,-3.5463087701288845,0.0,0.0,True
1253,-8.368147387360262,-2.9980699915088187,0.0,0.0,True
1260,-5.214347896569791,3.1557246144134057,0.0,0.0,True
1261,-5.414903094125707,3.9368629232136456,0.0,0.0,True
1262,-4.886014996797712,3.9531741262326316,0.0,0.0,True
1264,-4.820414964063393,3.47016716876522,0.0,0.0,True
1266,-4.960667102124679,1.7906558765002054,0.0,0.0,True
1267,-4.906403131700981,2.6579678172755488,0.0,0.0,True
1270,-6.585319061186717,1.574168321064624,0.0,0.0,True
1271,-5.997753125170605,1.0803467438658685,0.0,0.0,True
1272,-5.761740523400011,1.4178291691551799,0.0,0.0,True
1273,-6.767389477859346,2.4658574464527363,0.0,0.0,True
1274,-5.9777934889845445,2.9330207881470884,0.0,0.0,True
1275,-6.854713829346721,2.9510888834288425,0.0,0.0,True
1276,-6.59698161241725,3.1527098774127924,0.0,0.0,True
1277,-7.585141363403278,5.504946936959009,0.0,0.0,True
1278,-7.998124335298758,5.36394645352065,0.0,0.0,True
1279,-7.863593067920532,4.091668954600482,0.0,0.0,True
1281,-7.718938425431352,4.598515653978182,0.0,0.0,True
1282,-8.055575010998384,4.91444987413446,0.0,0.0,True
1284,-8.402808506700598,4.20265135892754,0.0,0.0,True
1286,-6.544341050877177,4.410471975950886,0.0,0.0,True
1288,-7.3159574785949015,4.66737662391913,0.0,0.0,True
1290,-7.167954463847741,5.0125997731322744,0.0,0.0,True
1291,-8.86675298779743,2.6596954412069373,0.0,0.0,True
1292,-9.333022722910666,2.871703921913992,0.0,0.0,True
1293,-9.201625327219455,2.111390397980597,0.0,0.0,True
1294,-8.82708955620648,2.444200362702667,0.0,0.0,True
1295,-9.703059088136664,2.277695833749971,0.0,0.0,True
1296,-9.704344614457204,2.7110080741981224,0.0,0.0,True
1297,-8.802803947342891,-0.7771331233103638,0.0,0.0,True
1298,-8.643214226471564,-0.2078686083129209,0.0,0.0,True
1299,-6.969982401016306,-0.6157013376793271,0.0,0.0,True
1301,-7.250054991793193,-1.4233947824915578,0.0,0.0,True
1302,-7.453349276814603,-1.0778493651671435,0.0,0.0,True
1303,-6.0917720037502825,-1.07743748515798,0.0,0.0,True
1304,-6.476237176552297,-1.5913183337636967,0.0,0.0,True
1306,-6.824126246269084,-1.3447255035074104,0.0,0.0,True
1307,-6.663902395288624,-0.9249739955884649,0.0,0.0,True
1308,-5.728729103751118,-1.9403923494943314,0.0,0.0,True
1309,-6.030069636016218,-2.8883915305553605,0.0,0.0,True
1310,-6.31144328080875,-2.57894330091696,0.0,0.0,True
1311,-6.199232408798522,-2.1077197271816273,0.0,0.0,True
1312,5.249103404971148,-4.126104964994457,0.0,0.0,True
1313,5.559842342246566,-3.935900198813178,0.0,0.0,True
1315,7.575257099295817,-3.551880840226138,0.0,0.0,True
1316,8.31172226325291,-3.139226504715945,0.0,0.0,True
1317,7.975903477717927,-3.9211889585182087,0.0,0.0,True
1318,8.306886880099478,-3.781130497021939,0.0,0.0,True
1319,6.412371486437232,-3.966046194727638,0.0,0.0,True
1320,7.050889581496074,-3.6966631070218976,0.0,0.0,True
1322,6.729626175598775,-4.493972394812705,0.0,0.0,True
1325,7.786219484607889,-2.4226948138522926,0.0,0.0,True
1326,7.741222781597774,-2.9639316679700594,0.0,0.0,True
1328,6.473479106904896,-1.1952084697104044,0.0,0.0,True
1329,5.842195396667106,-1.88650707221682,0.0,0.0,True
1330,2.54282095137147,-9.530907159890761,0.0,0.0,True
1331,2.0014932584214713,-9.796739220510899,0.0,0.0,True
1332,2.169938019514753,-9.461172924447562,0.0,0.0,True
1336,-3.987196708510155,-5.123026959679125,0.0,0.0,True
1337,-3.3762283384787524,-5.499310150056588,0.0,0.0,True
1338,-3.5047887076614472,-5.20196590809616,0.0,0.0,True
1339,-4.3835343383417085,-5.5815460868636055,0.0,0.0,True
1340,-3.701653203524756,-6.006751858702692,0.0,0.0,True
1341,-4.209132355231595,-5.993017504991757,0.0,0.0,True
1344,-0.7332766038136387,-3.271129830583386,0.0,0.0,True
1346,-2.3475805975866897,-4.357270518828833,0.0,0.0,True
1347,-1.7753505077900829,-4.3559947723652686,0.0,0.0,True
1350,-1.8196226379915323,-1.6902551089536726,0.0,0.0,True
1351,-2.11891150064801,-1.3919808226980586,0.0,0.0,True
1352,-2.17153306648603,-3.596121139474691,0.0,0.0,True
1353,-2.9606536818735147,-3.9606621106792135,0.0,0.0,True
1354,-2.508051811262885,-4.015638101037817,0.0,0.0,True
1355,3.6891303993877727,-7.9425717834150555,0.0,0.0,True
1357,3.141767359979585,-8.576297252892845,0.0,0.0,True
1358,3.259222701737306,-7.9668895960649735,0.0,0.0,True
1361,0.49113696380097066,-9.408005635464658,0.0,0.0,True
1362,0.9947947841768895,-9.510032733313833,0.0,0.0,True
1363,1.5727019725169038,-8.852262545296318,0.0,0.0,True
1365,1.0044896425526781,-8.72031322609176,0.0,0.0,True
1366,1.4230015292224858,-9.48853155580035,0.0,0.0,True
1368,3.171339506521391,-1.1319439602585026,0.0,0.0,True
1369,2.5023738413361323,-1.0702443538548927,0.0,0.0,True
1371,3.060812750996053,-2.444926765743373,0.0,0.0,True
1372,3.3935297151523827,-1.9319042539692846,0.0,0.0,True
1374,2.527156698061301,-2.0485691983899508,0.0,0.0,True
1375,2.748536137540547,-1.6615100039128994,0.0,0.0,True
1376,3.1138077851982153,-1.6151013125411855,0.0,0.0,True
1377,-0.7828562454795337,7.535518293624754,0.0,0.0,True
1378,-1.3624515164859787,6.855117462749819,0.0,0.0,True
1379,-0.6326452493636401,6.984852020810349,0.0,0.0,True
1380,-0.8746174108497199,6.715539286995519,0.0,0.0,True
1381,-2.0057994222878124,8.316475048506518,0.0,0.0,True
1382,-1.2646996564922426,8.166965893565411,0.0,0.0,True
1383,-1.1644950684455542,7.672392084402777,0.0,0.0,True
1384,-1.9312861622778958,7.5513319907120735,0.0,0.0,True
1385,-1.479066025987313,7.396956756873633,0.0,0.0,True
1386,-1.9045736389902408,4.355595885642797,0.0,0.0,True
1387,-2.693333203575445,4.84661860856998,0.0,0.0,True
1388,-2.1222755447906785,4.87772996789941,0.0,0.0,True
1389,-2.6113032594628107,4.187098506635779,0.0,0.0,True
1390,-2.1703418400885663,4.0707667764476465,0.0,0.0,True
1391,-4.6094914299308565,5.149231264038737,0.0,0.0,True
1392,-4.0831212071472,5.003428038647105,0.0,0.0,True
1394,-4.719786339811834,4.673999521365059,0.0,0.0,True
1395,-4.238618079038074,4.520334421302406,0.0,0.0,True
1396,-3.6124307806640523,4.833911758148761,0.0,0.0,True
1397,-3.3666207593559156,4.501546101134492,0.0,0.0,True
1398,-3.161617431166605,5.309119978833489,0.0,0.0,True
1399,-3.4225256381104714,5.2534235950130475,0.0,0.0,True
1402,2.3474985647896496,7.009885033637414,0.0,0.0,True
1403,2.2689789463514956,6.709557711785455,0.0,0.0,True
1404,1.489703883912252,7.360586427896304,0.0,0.0,True
1405,2.0703527719854518,7.35893298212175,0.0,0.0,True
1406,1.9142621290007409,6.530892063657595,0.0,0.0,True
1408,1.0028478196445605,8.081351370844963,0.0,0.0,True
1409,1.391215455509516,8.11311951838514,0.0,0.0,True
1412,4.299429349606683,4.7459278405856296,0.0,0.0,True
1413,4.680214690387748,5.051533324860971,0.0,0.0,True
1414,4.106982587469618,5.66726047127386,0.0,0.0,True
1415,4.581729384401188,5.574684071681504,0.0,0.0,True
1416,3.520582381016643,4.4323990294689475,0.0,0.0,True
1417,2.969107981506088,4.647711958343477,0.0,0.0,True
1419,3.3229032092003656,5.255973837639096,0.0,0.0,True
1420,3.784749504875565,5.223822885332532,0.0,0.0,True
1421,3.916350555901871,4.862434063510501,0.0,0.0,True
1422,4.470348583149806,3.3182468827230793,0.0,0.0,True
1423,4.065397653791878,3.406877478432063,0.0,0.0,True
1425,4.766137377332299,3.591412642796401,0.0,0.0,True
1426,4.349982118287706,4.228285702029239,0.0,0.0,True
1427,4.6962360563290115,4.060041464277571,0.0,0.0,True
1428,1.3022393261703948,2.176480029853891,0.0,0.0,True
1429,1.1661831740100919,2.371968181247897,0.0,0.0,True
1430,1.8345846497519325,2.2077486143949265,0.0,0.0,True
1431,2.041895397694994,2.552764952524371,0.0,0.0,True
1432,1.7370578231582068,2.9985995254736477,0.0,0.0,True
1433,1.391642452655682,2.929587957539751,0.0,0.0,True
1434,4.986154823120141,-1.692596683891629,0.0,0.0,True
1435,4.619639145619108,-1.607305986438766,0.0,0.0,True
1436,4.251797987131598,-2.230985594351289,0.0,0.0,True
1437,4.210013711069986,-1.96880145537474,0.0,0.0,True
1438,5.726891377882838,-0.621069002557774,0.0,0.0,True
1439,5.284212242997081,-1.3787230666798092,0.0,0.0,True
1440,6.038008918224207,-1.125389115729069,0.0,0.0,True
1441,5.734149372236547,-1.4951870039844346,0.0,0.0,True
1443,5.202871934358307,-0.8855974461567845,0.0,0.0,True
1444,5.001038042687957,2.6895415632142994,0.0,0.0,True
1445,5.746325395542008,2.737077437228628,0.0,0.0,True
1446,5.371028515336115,2.93802394572461,0.0,0.0,True
1447,4.976880384558265,2.150037772781088,0.0,0.0,True
1448,9.32254677494679,0.05108998192206077,0.0,0.0,True
1449,9.8890120476076,0.3260868658781421,0.0,0.0,True
1450,9.648082160722712,0.031013687158576417,0.0,0.0,True
1451,9.821132527390779,0.8862426164992531,0.0,0.0,True
1452,9.571848997798064,1.033684143933465,0.0,0.0,True
1453,8.529867783253243,1.8442570187427176,0.0,0.0,True
1454,8.748104617707765,1.5449286467508028,0.0,0.0,True
1456,7.998260924415632,1.248947313726587,0.0,0.0,True
1457,9.73504888086298,3.0868981303577385,0.0,0.0,True
1458,9.246062963793667,2.9460046765170493,0.0,0.0,True
1459,9.13193576184571,2.379939126944173,0.0,0.0,True
1460,9.394395654552056,2.1881025042967193,0.0,0.0,True
1461,10.110988872544867,2.180529504515103,0.0,0.0,True
1462,9.936794040150193,2.8497042355184825,0.0,0.0,True
1463,9.795097980186366,2.3812725514999857,0.0,0.0,True
1467,-9.632138101701184,-1.186734252525196,0.0,0.0,True
1468,-10.169803600093408,-1.1248703886867335,0.0,0.0,True
1469,-9.428591915689825,-0.6449845829931229,0.0,0.0,True
1471,-10.349473190255827,-0.5698266147441703,0.0,0.0,True
1472,-10.162101638081666,-0.388262762923877,0.0,0.0,True
1473,-9.084686936376402,-4.0443005087735955,0.0,0.0,True
1475,-9.747352410122279,-4.204956500839466,0.0,0.0,True
1476,-9.26035852604517,-3.3378386041189168,0.0,0.0,True
1477,-9.008240722365791,-3.5912696113199525,0.0,0.0,True
1478,-9.562525090928114,-3.4268682893984277,0.0,0.0,True
1480,-6.226556579906532,1.856216003069981,0.0,0.0,True
1481,-6.296198141498268,2.2882623505188904,0.0,0.0,True
1482,-5.904891683393385,2.612391489448213,0.0,0.0,True
1483,-5.825407165775218,1.7061528271355064,0.0,0.0,True
1484,-5.420901980032186,2.397961336084815,0.0,0.0,True
1485,-5.401632747883471,2.0244839711063625,0.0,0.0,True
1487,-8.758865870814295,-1.4373484481065892,0.0,0.0,True
1489,-8.051458425546187,-0.8065668057514126,0.0,0.0,True
1490,-8.155073781988891,-1.4807944123996755,0.0,0.0,True
1491,-7.906724358769307,-1.0560597645345917,0.0,0.0,True
1492,-7.870672414174327,-0.4297711533839957,0.0,0.0,True
1493,-7.334157462339499,-0.3156878085590962,0.0,0.0,True
1494,-7.956874392257728,0.20506659299956911,0.0,0.0,True
1495,-8.096306510890404,-0.13774389921657487,0.0,0.0,True
1496,-7.214932323025289,0.1544090768223096,0.0,0.0,True
1497,-7.425367374199639,0.343481397017731,0.0,0.0,True
1498,-7.141115784451817,-2.371481942627484,0.0,0.0,True
1499,-7.6684142077378326,-2.55699835190782,0.0,0.0,True
1500,-7.072132649671883,-2.092019827770754,0.0,0.0,True
1501,-7.3840154662173205,-1.7583057805202338,0.0,0.0,True
1502,-8.043226857409605,-2.217409395226314,0.0,0.0,True
1503,-7.911075000937563,-1.8410567416536643,0.0,0.0,True
1504,-5.431156531265257,-2.2036804042134723,0.0,0.0,True
1505,-4.98006551764441,-2.0730419017881303,0.0,0.0,True
1506,-5.25741302276699,-3.0332623823943416,0.0,0.0,True
1507,-5.56128961949982,-2.7723240206954487,0.0,0.0,True
1508,-4.687308386320972,-2.3483582715967817,0.0,0.0,True
1509,-4.768110071327228,-2.8342764051576568,0.0,0.0,True
1510,4.818847091328688,-2.4384970159845327,0.0,0.0,True
1511,5.300938106195993,-2.3544719981994873,0.0,0.0,True
1513,7.202311453131303,-2.199115655193482,0.0,0.0,True
1514,7.105851262482723,-1.7970062432308154,0.0,0.0,True
1515,6.6156663787852885,-1.664959762286621,0.0,0.0,True
1516,6.274541925103071,-2.008081954316232,0.0,0.0,True
1519,0.8415719619493417,-3.687122394505079,0.0,0.0,True
1520,0.38314780848225427,-3.9083158914465743,0.0,0.0,True
1522,-3.19714835622694,-2.3787918095955907,0.0,0.0,True
1523,-2.5201212835058455,-2.313205618907866,0.0,0.0,True
1524,0.9591671108021215,-8.18200844159346,0.0,0.0,True
1526,0.5416943217815609,-7.9976754555005956,0.0,0.0,True
1527,0.4571678298713336,-8.86806896492612,0.0,0.0,True
1530,-2.5057557902780165,8.90019964287766,0.0,0.0,True
1531,-2.334908809707544,9.240476441118915,0.0,0.0,True
1532,-1.8839289242998976,9.298028253518316,0.0,0.0,True
1533,-1.6066057121180228,8.968375472181629,0.0,0.0,True
1535,0.8989787602650586,6.797846155937505,0.0,0.0,True
1540,5.262042630525615,1.93875014925095,0.0,0.0,True
1542,5.217030439230831,1.5084842236829383,0.0,0.0,True
1543,6.2014361333871895,1.8087079646743278,0.0,0.0,True
1544,6.175379703006318,2.008706958458555,0.0,0.0,True
1545,5.74995110236447,2.201390755280549,0.0,0.0,True
1546,8.302203498352382,1.0694196711214907,0.0,0.0,True
1547,8.480816265370272,0.2727096312842729,0.0,0.0,True
1548,8.222552471791744,0.4721057857643835,0.0,0.0,True
1549,9.018002911542363,0.46270216128175506,0.0,0.0,True
1550,9.09201915863008,0.8003479400153803,0.0,0.0,True
1551,8.638054750672,1.1971062375293373,0.0,0.0,True
1553,6.017344479559974,-3.298804191001269,0.0,0.0,True
1554,5.588639659113599,-3.4113492349475654,0.0,0.0,True
1555,4.862679484084983,-3.5151389114282585,0.0,0.0,True
1556,4.999525377277105,-2.7501686420581146,0.0,0.0,True
1557,5.261874839738471,-3.2409411159062462,0.0,0.0,True
1559,4.393694890772689,-3.035515180112082,0.0,0.0,True
1560,4.449452506917273,-3.3291662894430254,0.0,0.0,True
1561,6.374921495064129,-2.3913423225580375,0.0,0.0,True
1562,6.878949464136467,-2.5195491579577687,0.0,0.0,True
1563,5.991294895947003,-2.7552743045777524,0.0,0.0,True
1564,6.121590895356305,-3.116014254638906,0.0,0.0,True
1565,6.795118069586772,-3.1713282205698317,0.0,0.0,True
1566,7.00786925580862,-2.886308722673372,0.0,0.0,True
1567,-3.26635944166533,-2.8511814361342465,0.0,0.0,True
1568,-3.6581266983058973,-3.0754122097326992,0.0,0.0,True
1569,-3.595290260230237,-3.5390045519425364,0.0,0.0,True
1570,-3.0973986494785595,-3.641250080460513,0.0,0.0,True
1572,-2.2831754742059536,-3.283308475609996,0.0,0.0,True
1573,-2.800805086924448,-3.118329259973416,0.0,0.0,True
1575,0.1747538251669388,-8.239371535369143,0.0,0.0,True
1576,-0.5847052632988735,-8.294600473058354,0.0,0.0,True
1577,-0.20686556485521632,-8.044357796317321,0.0,0.0,True
1578,0.18811705828302297,-8.70359184336612,0.0,0.0,True
1579,-0.23200573195047727,-8.971467749737652,0.0,0.0,True
1580,-0.550071492468117,-8.816850253393481,0.0,0.0,True
1581,-1.6951274823761957,-2.8353183561093296,0.0,0.0,True
1582,-2.024901183417697,-2.8785571756237838,0.0,0.0,True
1584,-1.5377624122803724,-2.3674874220058038,0.0,0.0,True
1585,-1.8934605437744703,-2.0232682982916157,0.0,0.0,True
