id,x,y,num_sides,area,perimeter,mother,A_0,P_0,contractility,active
0,-3.0407891161145675,-8.590604183297991,6,0.5813547260989935,2.85511278783105,0,1.0,0.0,0.04,1
1,5.238197540479936,-7.7376406193416205,6,0.5348100332625414,2.7351355054318756,1,1.0,0.0,0.04,1
2,-1.0640623958472302,-7.664527293684341,6,0.5832382976408166,2.8631061220033187,2,1.0,0.0,0.04,1
3,-1.7758800557667256,-7.45875405764442,6,0.5894031885502402,2.88168959146675,3,1.0,0.0,0.04,1
4,-5.2366572835236465,8.873521733027491,6,0.5127458732516992,2.7064962521003095,4,1.0,0.0,0.04,1
5,-5.765321046473728,8.566972421842355,5,0.3231367480217031,2.282751937208644,5,1.0,0.0,0.04,1
6,-6.145330029475838,6.8716622307800534,5,0.46009210992391303,2.597531313310093,6,1.0,0.0,0.04,1
7,-8.680385386618925,-6.491316286898396,3,0.1553505146089016,1.8194165064637253,7,1.0,0.0,0.04,1
8,-8.524384214323666,-7.003334247871277,6,0.5705086954903251,2.9233987167029785,8,1.0,0.0,0.04,1
10,8.297962055223879,-5.994832274405489,3,0.2081739382213179,2.107033706336216,10,1.0,0.0,0.04,1
11,8.8863764291933,-3.9801291361056954,7,0.6049344878361609,2.937256575364322,11,1.0,0.0,0.04,1
12,9.310265235354565,-4.426177401872,3,0.14230738682756439,1.7589525473123764,12,1.0,0.0,0.04,1
13,6.064934361302065,-7.957499981006349,6,0.5894113733969704,2.9754562707040666,13,1.0,0.0,0.04,1
15,5.872665894728552,-5.308284144129211,7,0.6146099458618473,2.9753555754332406,15,1.0,0.0,0.04,1
16,-1.104633476104774,-10.661301373713538,7,0.642718944704185,2.9762479417809153,16,1.0,0.0,0.04,1
17,-0.281787162590858,-11.138837630048652,6,0.5697249248405964,2.909153867077844,17,1.0,0.0,0.04,1
18,-8.440576021264539,-7.588833757446505,3,0.16415575877669752,1.930139499594869,18,1.0,0.0,0.04,1
19,-3.7649881785629367,-7.356093471869573,7,0.5712938804972225,2.8617391487737374,19,1.0,0.0,0.04,1
20,-3.064475823557526,-7.745933656891999,6,0.557249537405724,2.7817088191713415,20,1.0,0.0,0.04,1
21,-4.578786302312084,-6.533395126919994,6,0.528911195577809,2.772272595170305,21,1.0,0.0,0.04,1
22,-5.35240574740953,-6.816595032521918,6,0.5777799674613533,2.83674572436814,22,1.0,0.0,0.04,1
23,-4.745083063882602,-7.414631517939005,8,0.6589919617604014,3.0273318654657158,23,1.0,0.0,0.04,1
24,-4.165098144366161,-6.910541432645786,4,0.33023924530551874,2.3307186321517293,24,1.0,0.0,0.04,1
25,-4.229430596030089,-7.871958857574126,4,0.33261118554432123,2.311043056524744,25,1.0,0.0,0.04,1
26,-3.7035593661358446,-8.222537317054709,6,0.5392349079755796,2.760613773310198,26,1.0,0.0,0.04,1
27,-3.9666442825420036,1.9202381834166442,6,0.5827693928284936,2.8514264175096624,27,1.0,0.0,0.04,1
28,-1.8892388708363277,-10.436023072210299,5,0.5136848676821328,2.7487172638658683,28,1.0,0.0,0.04,1
29,-1.7694638017826765,-9.137647804352326,5,0.45766812625489184,2.592260143942261,29,1.0,0.0,0.04,1
30,-1.4732647788564168,-9.847974438605199,6,0.5374912508413408,2.748792473631533,30,1.0,0.0,0.04,1
31,-2.273355871969076,-9.709672681573073,6,0.5663763698941597,2.8088350313906907,31,1.0,0.0,0.04,1
32,-2.380835095785115,-8.869510191639954,6,0.5746091541876606,2.8683514041294313,32,1.0,0.0,0.04,1
33,-1.5733978941149718,-8.346173341635602,7,0.6678999273973796,3.0119065343638156,33,1.0,0.0,0.04,1
34,-2.3523093013089413,-8.045885821552801,6,0.5901446491210418,2.8657903764656063,34,1.0,0.0,0.04,1
35,3.1175500163915673,-6.366712360760978,7,0.6340847023886207,2.9857425891163096,35,1.0,0.0,0.04,1
36,3.3133305533049864,-5.606975425068092,5,0.4202714117892672,2.5417405038211447,36,1.0,0.0,0.04,1
37,1.255412423849398,-2.935956904919919,5,0.4514739903951248,2.5926561308023235,37,1.0,0.0,0.04,1
38,1.992040422494202,-3.3602618554009323,7,0.6484791952845108,2.983167738468928,38,1.0,0.0,0.04,1
39,-0.010006479829816837,-6.3431231227574605,5,0.466161683348174,2.6203619879561435,39,1.0,0.0,0.04,1
40,0.6987042461894943,-6.290111416807976,8,0.6622247654009943,3.065676073721166,40,1.0,0.0,0.04,1
41,-0.5502886218071769,-6.961494910208474,6,0.5346039463871622,2.733553213419356,41,1.0,0.0,0.04,1
42,-1.3849037053845645,-5.976658215378641,6,0.5650953351081136,2.8046665503999666,42,1.0,0.0,0.04,1
43,-0.6579210709009734,-6.1779311757010476,6,0.5321898416529052,2.7607603048956526,43,1.0,0.0,0.04,1
44,-1.25871672417912,-6.806549593677941,6,0.5658064257507385,2.813949178824523,44,1.0,0.0,0.04,1
45,-2.713605214282084,-6.3322560602244415,6,0.593379710992286,2.8854041925008085,45,1.0,0.0,0.04,1
46,-1.965406088540558,-6.546312047342487,6,0.5873448161025276,2.8714250754426494,46,1.0,0.0,0.04,1
47,-2.468205741019944,-7.182502390561718,6,0.5642079803670059,2.814611753497486,47,1.0,0.0,0.04,1
48,-3.1492029923904803,-6.954884451904405,5,0.47961707482839344,2.645727275542268,48,1.0,0.0,0.04,1
49,-6.954073212381197,6.344545836346271,4,0.3213618901152877,2.276725608001588,49,1.0,0.0,0.04,1
50,-6.20385489099413,8.276708260632617,5,0.43748708449395224,2.7034860302814527,50,1.0,0.0,0.04,1
51,-6.241867262819652,8.754564341226256,3,0.004451135009134077,0.4569683041363327,51,1.0,0.0,0.04,1
52,-6.273946961615442,7.61136876206041,6,0.566862194045612,2.8465875027255776,52,1.0,0.0,0.04,1
54,-0.8498529439765597,10.822386020119044,4,0.39307375549117207,2.5930307685377376,54,1.0,0.0,0.04,1
55,-5.487792084490239,6.42966372236693,7,0.6265087589068941,2.927516420337035,55,1.0,0.0,0.04,1
56,-5.586476927824943,7.235411550462527,5,0.46205027052324965,2.602325260299039,56,1.0,0.0,0.04,1
57,-5.947713567546923,9.145429040347333,5,0.4407968857619551,2.7280517768240142,57,1.0,0.0,0.04,1
58,-5.461117647960353,9.649974515095632,5,0.5229974036243377,2.8827807545737736,58,1.0,0.0,0.04,1
59,-3.9920452464139156,8.896158577842238,6,0.5460395771894984,2.771165112525911,59,1.0,0.0,0.04,1
60,-4.640263559620074,9.36664017314372,6,0.5903276685001941,2.912759514327863,60,1.0,0.0,0.04,1
61,-0.5838882735534938,2.2450994709242167,5,0.5059425814405749,2.736467814725093,61,1.0,0.0,0.04,1
62,-0.9813607866016025,1.0530886386271368,5,0.5372121365532512,2.7997721668411257,62,1.0,0.0,0.04,1
63,-1.1295985793439216,1.7803590489987957,6,0.5942130370795897,2.899458187454103,63,1.0,0.0,0.04,1
64,-4.1501357221990505,-0.9692871806163649,6,0.5635819363739041,2.850641242263425,64,1.0,0.0,0.04,1
65,-1.786829399274614,1.2396971415203595,7,0.6764665501766799,3.051799887131725,65,1.0,0.0,0.04,1
67,7.4063763037133095,3.6878273713312177,7,0.6487595722281068,3.0674701203664236,67,1.0,0.0,0.04,1
68,8.204161231367745,3.444358700545591,5,0.44856490996324005,2.564122096752004,68,1.0,0.0,0.04,1
69,6.018835360778402,7.812998424343377,6,0.5008601868698008,2.6609451046331176,69,1.0,0.0,0.04,1
71,6.485798982324937,7.366709214473957,5,0.4523394985595459,2.6007749726289315,71,1.0,0.0,0.04,1
72,5.8427844763935,6.942761652075553,6,0.5377116305069762,2.7510844722685057,72,1.0,0.0,0.04,1
73,3.415230460566531,10.234352412247905,5,0.5568144297998998,2.870707023491976,73,1.0,0.0,0.04,1
74,3.5097814859528773,9.462599732131435,5,0.48782290980985543,2.6890707988868696,74,1.0,0.0,0.04,1
75,0.13255798074943823,10.718464607023222,4,0.39099474863073436,2.5713565324119823,75,1.0,0.0,0.04,1
77,-5.801154995262795,-6.212627166443956,5,0.45203335306549874,2.56498511563197,77,1.0,0.0,0.04,1
78,-6.285624588435742,-5.002503119845445,6,0.5563161842212665,2.779552902134675,78,1.0,0.0,0.04,1
79,-6.625209909282612,-6.5385516280259575,4,0.4335089016293807,2.6518635460239244,79,1.0,0.0,0.04,1
80,-7.983559533005992,-7.45133987486745,4,0.37269167191460184,2.5570969787577327,80,1.0,0.0,0.04,1
81,-7.68683040605711,-6.859009005360004,5,0.5357533952140301,2.8394906049049053,81,1.0,0.0,0.04,1
82,-6.447266774855602,-5.823746163660511,6,0.5718915707644143,2.8301092647924726,82,1.0,0.0,0.04,1
84,-7.651981235491084,-5.58840853428253,5,0.46293018188390533,2.6095963267983606,84,1.0,0.0,0.04,1
85,-8.169116475620989,-6.195039184918978,7,0.62849063609222,2.9443626425450966,85,1.0,0.0,0.04,1
86,-7.246697478863606,-6.194912601671929,7,0.6146121894602565,2.9313597464467245,86,1.0,0.0,0.04,1
87,-7.012169868352198,-5.292730663979937,6,0.5644803589471401,2.8169481055984145,87,1.0,0.0,0.04,1
88,-7.657425130584497,-4.763931026647135,7,0.637029559431852,2.956331462043609,88,1.0,0.0,0.04,1
89,-9.658266690628968,5.060725180002,3,0.14598187629180615,1.7788911862500085,89,1.0,0.0,0.04,1
90,-9.889803912952223,4.604596121439081,5,0.5016423626473667,2.7971721863807795,90,1.0,0.0,0.04,1
91,-4.958140486307211,5.857714044278552,6,0.5074895782921125,2.7099358166838496,91,1.0,0.0,0.04,1
92,-6.318457746529281,6.185446711542349,7,0.5983218979293632,2.9386526164431315,92,1.0,0.0,0.04,1
93,-8.587270139110178,0.9438203033473659,6,0.5327283984352569,2.729833716815145,93,1.0,0.0,0.04,1
94,-4.718797004996183,-1.5079468871617743,5,0.4716953443969012,2.6555657690356016,94,1.0,0.0,0.04,1
95,8.306642259855058,-4.488119011255873,3,0.31016802068103644,3.103238519353615,95,1.0,0.0,0.04,1
96,7.703358124590465,-6.075754613257647,6,0.603710265203059,2.9274038546859042,96,1.0,0.0,0.04,1
97,8.092951210329828,-5.342153562601971,5,0.6700457462765996,3.6378440283442615,97,1.0,0.0,0.04,1
100,7.261278213366464,-6.70481144036749,5,0.5459964495908274,2.823013085067391,100,1.0,0.0,0.04,1
101,6.204602756647695,-7.323378298678771,4,0.21207666159426353,1.8717651114213751,101,1.0,0.0,0.04,1
102,6.797624985928958,-5.985020766317477,7,0.6305353285067135,3.005383819591864,102,1.0,0.0,0.04,1
103,9.742329693468061,-4.140703162124932,5,0.5026130349097322,2.792370472511363,103,1.0,0.0,0.04,1
104,10.491313358951466,-1.0951822868152257,4,0.28382957686316423,2.3058530695027764,104,1.0,0.0,0.04,1
106,6.6209086104228945,-7.465911055819922,4,0.3282476632888809,2.4488288046730893,106,1.0,0.0,0.04,1
107,6.6004071858062705,-5.212897258124747,5,0.4266445266429848,2.5067284633800155,107,1.0,0.0,0.04,1
108,7.79702537673552,-4.564990343208327,4,0.35440743528373453,2.4056150266470064,108,1.0,0.0,0.04,1
109,7.164676412238229,-5.40845670163633,4,0.34683653211211407,2.3888217405637526,109,1.0,0.0,0.04,1
110,0.2865135243739533,-11.174104948058222,3,0.1740308501821648,1.9171646285274648,110,1.0,0.0,0.04,1
111,1.0238157235565852,-10.945417137966016,3,0.20753214594632174,2.1309861230448233,111,1.0,0.0,0.04,1
112,-0.3203060279667821,-10.448938950275352,5,0.4656656577741787,2.61544701280093,112,1.0,0.0,0.04,1
113,-5.875309314260474,-9.125193218498016,4,0.3099547384848229,2.3851551774159683,113,1.0,0.0,0.04,1
114,-2.792801049119087,-10.99322286679388,3,0.11187622394658803,1.600100739975617,114,1.0,0.0,0.04,1
115,-3.0429289135988125,-9.500004220342499,7,0.6648250557402484,3.0065681070359673,115,1.0,0.0,0.04,1
116,-3.1853449696674403,-10.827327243612181,4,0.3371989666414734,2.404945538642742,116,1.0,0.0,0.04,1
117,-2.6467472710719617,-10.406834322739233,7,0.6174357931571972,2.960216171217506,117,1.0,0.0,0.04,1
119,-0.8490122722206919,-11.204451889364707,3,0.1648020354125701,1.8695310226391573,119,1.0,0.0,0.04,1
120,-6.781195569179732,-7.133402914960278,4,0.37287002105021116,2.5559355674037354,120,1.0,0.0,0.04,1
121,-7.037758643474821,-7.527853595460126,3,0.15933846277765795,1.8982781699862936,121,1.0,0.0,0.04,1
122,-6.142153037970087,-7.0088441120869005,5,0.5201136506348263,2.8099947688617246,122,1.0,0.0,0.04,1
123,-5.532068473207146,-4.758659562831941,6,0.5328175542917517,2.7186873026595872,123,1.0,0.0,0.04,1
124,-5.089025694026988,-6.027985519395006,6,0.5283773746609057,2.7123981055650974,124,1.0,0.0,0.04,1
125,-5.68875974725444,-5.500077834240891,6,0.5284869281086202,2.7109171329607014,125,1.0,0.0,0.04,1
126,-5.05047615170025,-0.04561825656549176,6,0.5856166195428929,2.861768006333524,126,1.0,0.0,0.04,1
127,-5.731949919126181,0.31385336935276353,6,0.5474901533084566,2.7921581512401574,127,1.0,0.0,0.04,1
128,-5.0980613445971015,-0.9342122249423775,7,0.6586161582695407,3.04372353993218,128,1.0,0.0,0.04,1
129,-4.389710691065491,-0.378508621654857,5,0.49842091208664985,2.734147086066089,129,1.0,0.0,0.04,1
130,-6.862917000056625,-4.473220628813642,6,0.5802073529577605,2.8404113511914444,130,1.0,0.0,0.04,1
131,-6.5343820037948355,-3.750382041425597,5,0.4919546152224079,2.725284899749406,131,1.0,0.0,0.04,1
132,-6.050401829720914,-4.184159513668233,6,0.554008271556345,2.8214506520837404,132,1.0,0.0,0.04,1
133,-2.1161794418118713,-5.65907356158503,7,0.6628495531943601,3.0006840923166784,133,1.0,0.0,0.04,1
134,-1.2855652812859857,0.31855914582109773,7,0.6699163878690588,3.075713716651266,134,1.0,0.0,0.04,1
135,3.3294260073080837,-7.22438934298002,6,0.5551239318655785,2.8248486281210097,135,1.0,0.0,0.04,1
136,4.542423498982264,-7.273405227677736,6,0.5335238392020134,2.772412366249416,136,1.0,0.0,0.04,1
137,3.9289618143750906,-6.844735874704058,6,0.5681051919370699,2.845368282492697,137,1.0,0.0,0.04,1
138,2.396473205478716,-6.114952263022116,5,0.5012661856342362,2.7038935343277495,138,1.0,0.0,0.04,1
139,1.2323964001334673,-5.888767066467295,4,0.3453528115807627,2.3517230997602327,139,1.0,0.0,0.04,1
140,1.7155780461003842,-7.211578105294105,6,0.5261859220559924,2.7184363771616167,140,1.0,0.0,0.04,1
141,1.7240757595663916,-6.396422391944852,7,0.5804551257636508,2.8753406526768286,141,1.0,0.0,0.04,1
142,1.223682820468306,-6.786408864453687,4,0.30955437685492004,2.230213547575878,142,1.0,0.0,0.04,1
143,2.4879878641956212,-6.921416078763321,7,0.6387864136869554,2.9434414582195196,143,1.0,0.0,0.04,1
144,4.038565271120942,-4.24924170616829,5,0.40676040354758225,2.4456285617538707,144,1.0,0.0,0.04,1
145,4.299775790683053,-5.587997506926353,5,0.4063630665903375,2.5256513145461077,145,1.0,0.0,0.04,1
146,3.8683606551580407,-6.139492606033355,6,0.5040569642752164,2.669313721859764,146,1.0,0.0,0.04,1
147,3.7987112563097973,-5.489953768523829,4,0.2303361910432482,1.9434963053243988,147,1.0,0.0,0.04,1
148,4.326280128102361,-4.749275489548987,4,0.27532077591010307,2.1030580681691617,148,1.0,0.0,0.04,1
149,4.861577725599343,-5.208878667682911,7,0.683210388811613,3.1492053264247453,149,1.0,0.0,0.04,1
150,2.4046103226915654,-0.25238330730519204,5,0.5322261232857979,2.7874078353575564,150,1.0,0.0,0.04,1
151,9.995683408444593,-2.8146169303266815,6,0.5720770334480481,2.873618720319538,151,1.0,0.0,0.04,1
152,9.943268552293583,-1.6287813255977919,6,0.5998806769096348,3.0666437548115932,152,1.0,0.0,0.04,1
153,9.423987033030272,-2.196517170984863,6,0.5591857896356318,2.883155854338332,153,1.0,0.0,0.04,1
154,9.209018921277933,-2.782827093074741,5,0.43513996266649,2.542326054180408,154,1.0,0.0,0.04,1
155,9.483172029333105,-3.450065695903692,6,0.5215326794125268,2.693317251963174,155,1.0,0.0,0.04,1
156,3.5845646450864974,-4.817712583464926,9,0.7598361118149333,3.43920697438831,156,1.0,0.0,0.04,1
157,3.5353284498507396,-3.856032832474776,5,0.49034680791351626,2.734914110110666,157,1.0,0.0,0.04,1
158,2.8830731564655654,-3.6996344900499625,7,0.6590662134484937,3.1346865758997184,158,1.0,0.0,0.04,1
159,-6.892401252334734,7.082773944907512,9,0.6390455761609033,2.9817637243741224,159,1.0,0.0,0.04,1
160,-7.535724500542556,6.4584569727601835,6,0.5003362638177826,2.674610986066489,160,1.0,0.0,0.04,1
162,-7.623226568805044,7.15248099912343,4,0.395841928533855,2.6051502023322284,162,1.0,0.0,0.04,1
163,0.7354590130411401,10.681911818465347,4,0.3954434054250746,2.584201794005269,163,1.0,0.0,0.04,1
164,0.38102329511065447,10.06298891410583,6,0.53809465821899,2.7583250611465617,164,1.0,0.0,0.04,1
165,-0.15091113167142073,9.472984436491602,6,0.5793754648875442,2.8424245269980393,165,1.0,0.0,0.04,1
166,-0.4276336729975804,10.23381943664932,7,0.6155162498173044,3.013622599255248,166,1.0,0.0,0.04,1
167,-1.9081632014501875,10.446645134237663,5,0.493397281766061,2.7491269614122675,167,1.0,0.0,0.04,1
168,-1.172927186423341,10.177041127337874,6,0.521141369863773,2.6982445237004695,168,1.0,0.0,0.04,1
169,-1.4410073837903186,10.897241542165391,4,0.3942449139051343,2.6205682503065466,169,1.0,0.0,0.04,1
171,-2.644595802923459,2.538981937447397,6,0.5987547675296541,2.889137155987066,171,1.0,0.0,0.04,1
172,-1.8542719892555206,2.201717752301437,6,0.5958268768026056,2.9094957952798453,172,1.0,0.0,0.04,1
173,-2.9768425886318757,3.25496023496676,6,0.6197912120713553,2.9558712480493066,173,1.0,0.0,0.04,1
174,-3.1424064161492806,1.915911547536546,6,0.5621438566229213,2.811120867386808,174,1.0,0.0,0.04,1
175,-2.408912184736432,1.7690059626728272,5,0.49632442185576897,2.692993005775274,175,1.0,0.0,0.04,1
176,-3.5317514417500107,2.6545585697925858,6,0.6240530382864939,2.9453782510387025,176,1.0,0.0,0.04,1
177,-1.240673306627237,2.641581508263661,6,0.5888721131884732,2.878888490287006,177,1.0,0.0,0.04,1
178,-2.0192348543455827,3.1098639847222316,7,0.680597630573089,3.0545120431026827,178,1.0,0.0,0.04,1
179,-3.871401704138027,3.4522159919134507,8,0.7184094187795385,3.1524832154933726,179,1.0,0.0,0.04,1
180,-4.691652418420821,6.465100901256771,5,0.4427829554591334,2.550713491350896,180,1.0,0.0,0.04,1
181,3.8713033265595187,6.406514576149642,6,0.5783248194737851,2.846233756057168,181,1.0,0.0,0.04,1
182,0.7291903570925953,9.441963421574942,6,0.566773730219079,2.8192984875987475,182,1.0,0.0,0.04,1
183,2.9815753460009082,2.564985458331047,5,0.4651378739265244,2.616823469754256,183,1.0,0.0,0.04,1
184,3.4825230119934414,2.1292569397932897,7,0.669167829963377,3.146588664146364,184,1.0,0.0,0.04,1
185,-0.05739163646257205,5.163814165196843,5,0.4402128167605879,2.578373477256754,185,1.0,0.0,0.04,1
186,1.8970994196996795,4.182628293122055,6,0.5786032286563985,2.88051143699305,186,1.0,0.0,0.04,1
187,2.4910696738079605,3.752106036619803,6,0.5553683968362497,2.799478260844599,187,1.0,0.0,0.04,1
188,0.8095057056369567,-0.5073510411060133,6,0.5934434920231431,2.896009977545126,188,1.0,0.0,0.04,1
189,0.08072954044271902,2.3570968156378957,6,0.5731694211356959,2.8694990714802358,189,1.0,0.0,0.04,1
190,-2.1634310923279423,0.543995078951121,6,0.5606077998671184,2.8253578568482873,190,1.0,0.0,0.04,1
191,-3.5542003507679234,0.5755471848668605,6,0.5726692155138823,2.851996724114985,191,1.0,0.0,0.04,1
192,-3.463604553861739,-0.31782758248592646,8,0.7410267870123907,3.1844091995629604,192,1.0,0.0,0.04,1
193,-2.91660534234542,0.29998592040961064,5,0.49567525986497174,2.6980129149130905,193,1.0,0.0,0.04,1
194,-4.277220393961649,0.3058674778630048,6,0.5892040375765957,2.8981155392560973,194,1.0,0.0,0.04,1
195,-2.750651926468638,1.0905232546717687,7,0.6393677433865784,2.968573286093845,195,1.0,0.0,0.04,1
196,-3.517399525796045,1.310308693953493,5,0.46886897715654174,2.6126333796470305,196,1.0,0.0,0.04,1
197,-4.231589703072534,1.1002281589056382,6,0.5775725276171719,2.8377894538754282,197,1.0,0.0,0.04,1
198,7.435555468794218,4.8511216663533645,4,0.2213075625004457,1.8881366683605554,198,1.0,0.0,0.04,1
199,7.723856399696503,4.3810816559308465,6,0.4447914107554105,2.538314647175476,199,1.0,0.0,0.04,1
200,7.976630804993244,5.250576492892769,8,0.6024810983052298,2.8832959236262785,200,1.0,0.0,0.04,1
201,7.031758802527265,5.247514678580162,6,0.460439866552683,2.6013863603828824,201,1.0,0.0,0.04,1
202,8.222893002393178,4.661956373241739,4,0.2445776270107558,1.9816535968525484,202,1.0,0.0,0.04,1
203,8.835570644642115,5.6884946840429915,7,0.6289663076679268,2.9408540210096077,203,1.0,0.0,0.04,1
204,9.266728281027998,5.0834355232298245,4,0.38142956429275543,2.5153454561370765,204,1.0,0.0,0.04,1
205,6.149403141670376,0.31740940042639787,7,0.6300213187202701,2.9968887129937456,205,1.0,0.0,0.04,1
206,2.9671854488152616,1.2040871874014258,7,0.7315238131751682,3.156479013977993,206,1.0,0.0,0.04,1
208,3.048248504430049,0.2795271580596686,6,0.6264210530127695,2.9718895755856254,208,1.0,0.0,0.04,1
209,4.450992865090572,0.10496540963479244,6,0.5424969634544161,2.7692569071626174,209,1.0,0.0,0.04,1
210,5.312407656894719,0.29623182051194946,6,0.5437454590800087,2.7591165792386128,210,1.0,0.0,0.04,1
211,3.6887752339616413,-0.13307690633752386,6,0.5811583936718573,2.8505637791428917,211,1.0,0.0,0.04,1
212,6.92177971903182,1.339682454145144,5,0.41809627648605563,2.472839511442628,212,1.0,0.0,0.04,1
213,7.264770555592531,2.372429329547473,6,0.5387561091050834,2.742006667526025,213,1.0,0.0,0.04,1
214,7.016809528140038,3.078288860799292,5,0.45290047362297337,2.585891229190562,214,1.0,0.0,0.04,1
215,7.781384043616995,2.9319742148830654,6,0.5340356445656074,2.74108234001737,215,1.0,0.0,0.04,1
216,9.785492214025952,-0.9488072738760926,5,0.2903919391726606,2.1067758263260896,216,1.0,0.0,0.04,1
217,10.151524368216691,-0.9966804856680656,4,0.14531084725411292,1.6056829154860108,217,1.0,0.0,0.04,1
218,7.603922557874521,1.6966237129998456,6,0.5825875825344182,2.977829178437636,218,1.0,0.0,0.04,1
219,9.39686511970035,-0.5752841231864153,6,0.428975639049924,2.4857030155618833,219,1.0,0.0,0.04,1
220,9.29065793254688,-1.2968927130067456,5,0.38010014654317903,2.3765042763460884,220,1.0,0.0,0.04,1
221,8.725627799859442,-1.748841183670253,6,0.6160962238416268,3.00706399819921,221,1.0,0.0,0.04,1
222,8.201886846497313,-0.4837873200578503,5,0.417713234653712,2.485144589211947,222,1.0,0.0,0.04,1
223,8.808264685260966,-0.28193850831049455,5,0.37461136949998197,2.339011978703544,223,1.0,0.0,0.04,1
224,8.092873057896634,-1.1722864298169944,5,0.4531830609503107,2.6099097427231426,224,1.0,0.0,0.04,1
225,8.732873458390483,-0.9787395704368134,6,0.4481244086710525,2.5046964482341254,225,1.0,0.0,0.04,1
226,9.401681382296191,4.277467645255605,8,0.7043041182610708,3.1206900749935205,226,1.0,0.0,0.04,1
227,8.428929257745198,4.104063361389612,7,0.562535889368176,2.875811991898118,227,1.0,0.0,0.04,1
228,8.73468294724841,4.8507241957216065,6,0.4967468592171578,2.6863924796827794,228,1.0,0.0,0.04,1
229,10.173537332014243,3.7961898645169443,5,0.531940716952402,2.821251442425297,229,1.0,0.0,0.04,1
230,10.109955879641074,4.401742766054648,4,0.33148122985034334,2.365302031907678,230,1.0,0.0,0.04,1
231,9.868440626918613,4.72562731404123,3,0.07782671111487005,1.3463125592640028,231,1.0,0.0,0.04,1
232,8.911514504781437,3.613921041966787,5,0.47079684097451846,2.6323599000470144,232,1.0,0.0,0.04,1
233,7.280323877249361,6.35893741667281,5,0.6160103160092056,3.263623108343464,233,1.0,0.0,0.04,1
236,7.144181034298356,7.509944488805008,5,0.6001219080709745,3.3114796195648344,236,1.0,0.0,0.04,1
237,8.080320345970586,5.951518129020654,5,0.4874842536800017,2.675019404058741,237,1.0,0.0,0.04,1
238,7.320090128574009,5.76117257786658,5,0.4517758339023672,2.638970737440989,238,1.0,0.0,0.04,1
239,6.47809729161588,6.575552821902677,6,0.6053004394283228,2.9564604384101782,239,1.0,0.0,0.04,1
240,6.453399254212358,4.982443799762559,5,0.4197887760559418,2.491854928416034,240,1.0,0.0,0.04,1
241,6.981854096848928,4.436353982557375,7,0.5222478345256434,2.6858750438061687,241,1.0,0.0,0.04,1
242,6.700857359956156,3.8801092436360953,4,0.31036326903037903,2.2323881350378323,242,1.0,0.0,0.04,1
243,5.60501841897685,6.15013972794182,6,0.6479938957794875,3.0185756495221017,243,1.0,0.0,0.04,1
244,6.348480170298116,5.761141031708319,8,0.7354599316623709,3.2245876494960646,244,1.0,0.0,0.04,1
245,3.2379119946617085,5.949763586714611,5,0.4635790774330468,2.601674157305985,245,1.0,0.0,0.04,1
246,2.459276576416064,5.912793189342837,7,0.6295882334587448,2.941918987860844,246,1.0,0.0,0.04,1
247,3.8365999218486313,8.691933474152659,6,0.589011829110083,2.8677968390950483,247,1.0,0.0,0.04,1
248,4.763533542519608,7.670377829204125,6,0.5527083460608324,2.8117026418395143,248,1.0,0.0,0.04,1
249,4.088401316419248,7.887594728660583,6,0.5877835005495466,2.8755613449448365,249,1.0,0.0,0.04,1
250,4.342422194684298,6.976112988548791,6,0.5899700683609268,2.906437610702233,250,1.0,0.0,0.04,1
251,5.393216716612751,7.468830043419528,5,0.42322893893947366,2.486019994911059,251,1.0,0.0,0.04,1
252,5.065466796423696,6.781175473034572,6,0.5805311972923484,2.859639589450766,252,1.0,0.0,0.04,1
253,5.3763175969763255,8.21259301247058,6,0.5286063779842252,2.713671316711652,253,1.0,0.0,0.04,1
254,-9.106092604584113,-2.587804919495669,6,0.5292182581780409,2.7299368280247327,254,1.0,0.0,0.04,1
256,-8.272527284170016,-5.405940914772597,5,0.48338671471166705,2.679169420449067,256,1.0,0.0,0.04,1
257,-9.937343916704926,-4.71720970712354,4,0.36311895425906116,2.481239854665186,257,1.0,0.0,0.04,1
258,-9.252326809892294,1.3632510721353468,6,0.5558724602331742,2.7798200371761244,258,1.0,0.0,0.04,1
259,-10.319819459504565,1.467189397145952,3,0.12145660185768925,1.60552259688251,259,1.0,0.0,0.04,1
260,-10.010260319372922,1.0190083561417362,6,0.570339238657029,2.8367508621981323,260,1.0,0.0,0.04,1
262,-8.127372074569882,6.7899037048190936,4,0.39728979034243395,2.6106518990936287,262,1.0,0.0,0.04,1
264,-9.31864365044972,4.0764204620626785,6,0.5352690168703731,2.740965362849698,264,1.0,0.0,0.04,1
265,-4.624372935361789,3.1900453972901417,5,0.4036619273812354,2.498986202934068,265,1.0,0.0,0.04,1
266,-4.988008857625975,0.8418756335178464,7,0.643338217986839,2.9765694212115106,266,1.0,0.0,0.04,1
267,-5.6486360521077374,5.5232729696831155,7,0.6427817564687786,2.9728584509600453,267,1.0,0.0,0.04,1
268,-8.197324078145355,3.2388016703039053,6,0.5856959186200523,2.862471110329195,268,1.0,0.0,0.04,1
269,-8.9321384516141,3.5016688583693982,5,0.4532433590287539,2.5791548395703447,269,1.0,0.0,0.04,1
270,-9.346137322571526,0.5673865139771905,6,0.5508213242156138,2.7851400291091206,270,1.0,0.0,0.04,1
271,-7.695339304760942,1.9629144877757534,6,0.5645004475861386,2.799594675661918,271,1.0,0.0,0.04,1
272,-8.3161993130442,2.4476510903498543,6,0.565802979286044,2.8052045886308927,272,1.0,0.0,0.04,1
273,-8.456599829170505,1.6762029855625626,6,0.553932423068499,2.7756239893127033,273,1.0,0.0,0.04,1
274,-7.8066165666246485,1.1707115558465107,6,0.5554667083260636,2.781377980609666,274,1.0,0.0,0.04,1
276,-10.002098436503328,0.245632963024664,5,0.5244323252315941,2.779773806110539,276,1.0,0.0,0.04,1
278,-6.516845857624506,0.07666692291515276,6,0.5943916820153176,2.87777579157824,278,1.0,0.0,0.04,1
279,-5.788398348104522,-0.44328789624072895,6,0.5930470124996099,2.8749515192927166,279,1.0,0.0,0.04,1
280,5.542422720948277,-6.487903485765066,6,0.5048084555388144,2.6976022989035675,280,1.0,0.0,0.04,1
281,6.466448331714539,-6.7302305346138045,7,0.6266362346777044,2.9921690094525917,281,1.0,0.0,0.04,1
282,6.0540992785322345,-6.047304492400492,5,0.4578881823264034,2.5911060534383794,282,1.0,0.0,0.04,1
283,5.328354535852656,-5.806749313653009,5,0.4783441806055393,2.6477681255552383,283,1.0,0.0,0.04,1
284,5.730240371454216,-7.188803588415871,6,0.4566749166011377,2.561646522577416,284,1.0,0.0,0.04,1
285,5.091367571443634,-6.966964369097542,5,0.42253792167204374,2.498131256989825,285,1.0,0.0,0.04,1
286,4.673078167509285,-6.287984877784562,8,0.6846045981407158,3.0842334527695936,286,1.0,0.0,0.04,1
287,10.244875892786967,-3.6147372827922197,5,0.5156922328474138,2.834326090290456,287,1.0,0.0,0.04,1
288,10.497587740935684,-3.1282003923337207,3,0.17973816310671253,1.9774586377781116,288,1.0,0.0,0.04,1
289,4.908036454962277,-9.536088732437689,5,0.5910512272845487,3.265254266309213,289,1.0,0.0,0.04,1
291,4.568245283950796,-9.894279185743011,3,0.2463321600851316,2.29485900235714,291,1.0,0.0,0.04,1
292,5.240757794823357,-8.481717866277522,6,0.6456545168754637,3.3869977943951555,292,1.0,0.0,0.04,1
295,-4.459810218126158,-9.381401153200544,5,0.5288819616919618,2.794779432923429,295,1.0,0.0,0.04,1
296,-3.4501956050819986,-10.270985997193753,5,0.5182274909260975,2.794935459480583,296,1.0,0.0,0.04,1
297,-3.758264801617413,-8.984916250408197,6,0.5778160409743869,2.841341338689844,297,1.0,0.0,0.04,1
298,-3.8460336407424554,-9.735313330686969,5,0.5079244742119862,2.73525400580767,298,1.0,0.0,0.04,1
299,-4.519202809467738,-8.519034533277154,8,0.6594407313251267,3.047669166774525,299,1.0,0.0,0.04,1
300,-5.173255594980081,-9.288432169084468,6,0.5674664701392835,2.97227765869925,300,1.0,0.0,0.04,1
302,-6.024063720153858,-8.396060791748376,7,0.641994739383442,3.043299559866261,302,1.0,0.0,0.04,1
303,-5.213823219538413,-8.582148812914019,5,0.35222812008948523,2.317698134658779,303,1.0,0.0,0.04,1
304,-5.580211626806589,-8.837295261725279,4,0.17330636403588073,1.6960379409043576,304,1.0,0.0,0.04,1
306,-6.502695103044397,-7.800996447066314,6,0.5963948060395197,2.945948539799565,306,1.0,0.0,0.04,1
307,-5.662304220892872,-7.5611508931178015,6,0.5617374416147243,2.83016685407132,307,1.0,0.0,0.04,1
308,-5.1868813234416375,-8.016903331004034,5,0.4409001177574581,2.5819794354436834,308,1.0,0.0,0.04,1
309,-4.067632908572257,-4.11051335983719,7,0.6265519033724942,2.9546706907959046,309,1.0,0.0,0.04,1
310,-4.914430922005902,-5.2860592796367385,6,0.5315376778702774,2.718963407777521,310,1.0,0.0,0.04,1
311,-4.771099544072829,-4.581480341259235,6,0.49376667495340243,2.6494564189080028,311,1.0,0.0,0.04,1
312,-4.71696477709055,-4.016619582900499,4,0.2661040173302709,2.0705331469782084,312,1.0,0.0,0.04,1
313,-5.357192021053503,-3.981430570495394,6,0.5238348980920833,2.720914941559538,313,1.0,0.0,0.04,1
314,0.09158957109126034,-2.163815899923975,5,0.5798020486613322,3.0283072038371763,314,1.0,0.0,0.04,1
315,-2.501948276791193,-0.281468949303838,6,0.5722079710308436,2.876857711473927,315,1.0,0.0,0.04,1
316,-3.402865474643285,-1.0923754134760282,5,0.5127647596181224,2.739980815651882,316,1.0,0.0,0.04,1
317,-3.9259178519267253,-1.7426428418507065,7,0.61126594257327,2.873817594826956,317,1.0,0.0,0.04,1
318,-0.6737318776760897,-2.026272039711228,6,0.5766420815813171,2.8464987758823153,318,1.0,0.0,0.04,1
319,-0.254940662953525,-1.3458895760580332,6,0.6029267140628084,2.934947227717761,319,1.0,0.0,0.04,1
320,0.10979214140068619,-0.7656877881468717,5,0.5166120649987562,2.7584728608194586,320,1.0,0.0,0.04,1
321,-0.6808574027791761,-0.4247371919862591,7,0.7123526729930731,3.1112159751392747,321,1.0,0.0,0.04,1
322,-1.6025433536465334,-0.5869269336954721,7,0.6565936151581884,3.070182262379384,322,1.0,0.0,0.04,1
323,-1.8566414036622882,-0.015995507856560016,4,0.3418804644881638,2.3433756215416954,323,1.0,0.0,0.04,1
324,-1.0337533206161567,-1.2151435063533704,6,0.6054428872514016,2.9084104097937886,324,1.0,0.0,0.04,1
325,4.005987612530635,-7.769893569762555,6,0.5561068509536877,2.897781754340523,325,1.0,0.0,0.04,1
326,4.062896686927004,-9.845286573246005,6,0.5275311600807164,2.824527641446383,326,1.0,0.0,0.04,1
327,4.606562852027386,-8.133288413823184,5,0.5003098140657691,2.7202326740507634,327,1.0,0.0,0.04,1
328,1.4556428809336794,-7.992085260525116,6,0.5408521142412481,2.7481796047322082,328,1.0,0.0,0.04,1
329,2.1869309722896824,-7.7558706275200615,6,0.5242829621629292,2.7142879594120406,329,1.0,0.0,0.04,1
330,1.9857425990108353,-8.529759497761406,6,0.5305030725573747,2.714415245869291,330,1.0,0.0,0.04,1
331,2.854778382761456,-7.641589912225117,5,0.43567782639232,2.5356510172738944,331,1.0,0.0,0.04,1
332,0.3476916150293454,-7.70141300380407,5,0.4015657428799635,2.417336016089453,332,1.0,0.0,0.04,1
333,0.2175241974241019,-7.015142856246133,6,0.5240739866612438,2.7163926926244426,333,1.0,0.0,0.04,1
334,0.9229878675782217,-7.343067819766755,7,0.5725484732732542,2.857424299691478,334,1.0,0.0,0.04,1
335,-0.34279304316229814,-7.6928335618110415,6,0.5194284320107883,2.7051455977662027,335,1.0,0.0,0.04,1
336,1.441580692121376,-1.7502055595830721,6,0.6268515391640843,2.968603950525192,336,1.0,0.0,0.04,1
337,0.7411001648299023,-2.4067775207042823,7,0.6815871288580251,3.25464580325139,337,1.0,0.0,0.04,1
338,1.7380325019755087,-2.498086899507096,6,0.5919994487475921,2.923778148992906,338,1.0,0.0,0.04,1
339,1.335120630862337,-1.000669134699022,5,0.5337309897019391,2.795476203529136,339,1.0,0.0,0.04,1
340,0.6253477577584989,-1.4722566490729145,7,0.6969802471093205,3.078132665118288,340,1.0,0.0,0.04,1
341,0.7768091440000815,-5.357136100587963,7,0.6259824843046209,2.981311939091636,341,1.0,0.0,0.04,1
342,-1.2770395254480662,-5.167744120811225,6,0.5381306917754582,2.80908530132983,342,1.0,0.0,0.04,1
343,-0.7124957599316586,-5.466901733651559,5,0.4685256148936381,2.6351400315058244,343,1.0,0.0,0.04,1
344,0.017917137747343825,-5.51320969365557,7,0.6652295265345721,3.0502200252244873,344,1.0,0.0,0.04,1
345,2.1129357779749376,-4.812470226966552,6,0.5406650896173466,2.75459965636079,345,1.0,0.0,0.04,1
346,1.4191057786849504,-4.927278588796084,5,0.4455434874132731,2.5491813507483183,346,1.0,0.0,0.04,1
347,1.5008809293682976,-4.162897872872406,7,0.593594669211021,2.874503958143591,347,1.0,0.0,0.04,1
348,2.2605256095504793,-4.072314277608097,5,0.475880403206681,2.6334482542160425,348,1.0,0.0,0.04,1
349,2.813794532279815,-4.560445281675711,5,0.5046901508519976,2.7263748509186554,349,1.0,0.0,0.04,1
350,1.8297364013291098,-5.5500373368813465,7,0.604985131285376,2.9148175368360136,350,1.0,0.0,0.04,1
351,2.7163024642025357,-5.37638493649597,7,0.6344713119976619,3.007821168361155,351,1.0,0.0,0.04,1
352,-3.2527113720351837,6.608617681608545,7,0.7255916440373404,3.309596244355569,352,1.0,0.0,0.04,1
353,-3.2872502730909523,8.341323804135884,6,0.4913160009410191,2.6653270099954796,353,1.0,0.0,0.04,1
354,-3.3498687328516326,7.723676257118529,4,0.34057948118536885,2.3875506737254226,354,1.0,0.0,0.04,1
355,-0.5517728263038677,8.79627580269969,6,0.5506573734530982,2.7712504036437733,355,1.0,0.0,0.04,1
356,-1.0392671827591888,9.376435149774702,7,0.656831820970563,3.061891355766336,356,1.0,0.0,0.04,1
357,-1.9881513725647917,6.364268773542365,6,0.5560478753344427,2.8143864897021067,357,1.0,0.0,0.04,1
358,-2.5779977350571963,6.963464843258915,5,0.4755838187368342,2.658753862886809,358,1.0,0.0,0.04,1
359,-2.628281013970676,6.326793408414413,4,0.3326434103230085,2.314323266043023,359,1.0,0.0,0.04,1
360,-0.8029275772701948,6.118696319652132,5,0.5026054368229962,2.7059384379840155,360,1.0,0.0,0.04,1
361,-0.0412557531587546,6.070286199873906,7,0.6722932347978512,3.139638332237535,361,1.0,0.0,0.04,1
362,-2.9976402710738306,10.425812247324385,7,0.6166387118122572,2.944248622969037,362,1.0,0.0,0.04,1
363,-3.324922019209164,9.026988206348367,5,0.41286091647108947,2.4606989148089724,363,1.0,0.0,0.04,1
364,-4.010596273519422,10.072203364808644,3,0.15369222371473867,1.890978863171602,364,1.0,0.0,0.04,1
366,-4.964020481505146,9.880879752712213,3,0.18660676429831113,2.014090201353907,366,1.0,0.0,0.04,1
367,-3.686612301459753,10.41805310666409,4,0.34907168907898267,2.483058429920816,367,1.0,0.0,0.04,1
368,-3.5080271430299064,9.818459033135799,5,0.4728745695739516,2.736108359991964,368,1.0,0.0,0.04,1
369,-1.4895891136797896,5.6857114753719005,7,0.6694513684031809,3.0294668219513436,369,1.0,0.0,0.04,1
370,-0.6986502122084186,5.386608755061617,6,0.5638787092082512,2.8306157344637657,370,1.0,0.0,0.04,1
371,-0.8045505495834705,3.933890308090327,6,0.6038362090718595,2.915543469195424,371,1.0,0.0,0.04,1
372,-1.2580501871756418,3.3759330903382128,5,0.5232833354478916,2.7659907855960117,372,1.0,0.0,0.04,1
373,-0.45263663245161423,3.0915885921995643,7,0.6788378664901,3.0291779387724107,373,1.0,0.0,0.04,1
374,-1.1527379654895615,4.748241979316487,6,0.5906498243927885,2.8965107568873742,374,1.0,0.0,0.04,1
375,0.05398766776225703,3.814171515282743,6,0.6273015525340331,2.952963057398753,375,1.0,0.0,0.04,1
376,-0.3692687929975669,4.542495364745048,6,0.5739490563110626,2.845514763121917,376,1.0,0.0,0.04,1
377,-3.9828724350930003,6.052659665276401,7,0.6035472103768154,2.902002647186378,377,1.0,0.0,0.04,1
378,-4.536611139849519,7.71854824772622,5,0.4930986298468145,2.7211182220847348,378,1.0,0.0,0.04,1
379,-4.076232888353338,6.780241454149856,5,0.4994080465662858,2.749140925722209,379,1.0,0.0,0.04,1
380,-4.865913099712442,7.146411396515492,6,0.5746479417132733,2.89913133077604,380,1.0,0.0,0.04,1
381,-3.9687084021938066,8.095070848100978,6,0.5016441413811368,2.648388342246566,381,1.0,0.0,0.04,1
382,-4.644904632241421,8.48627015465363,6,0.5494015119204185,2.7764729822758674,382,1.0,0.0,0.04,1
383,-3.767967126223415,7.312156015879234,5,0.5384918791986877,2.923895089479392,383,1.0,0.0,0.04,1
384,-5.359987705352978,7.955263537327108,8,0.6759854844460236,3.027536498857149,384,1.0,0.0,0.04,1
385,3.5911324363782096,7.255082753796763,6,0.5804422640201725,2.844545037622321,385,1.0,0.0,0.04,1
386,3.318664815361698,8.062825311095128,6,0.5827024944645984,2.8431772564732447,386,1.0,0.0,0.04,1
387,3.0503550250829696,8.858457100418532,6,0.5543028629089441,2.7767511191366907,387,1.0,0.0,0.04,1
388,2.8179141364882794,9.666558510377486,6,0.543207223743785,2.749400320492935,388,1.0,0.0,0.04,1
389,2.540009628664451,8.295353319136721,6,0.5625969876521033,2.7984306913584733,389,1.0,0.0,0.04,1
390,1.5067173870316448,9.338596141130516,6,0.5703441758633163,2.816290726591999,390,1.0,0.0,0.04,1
391,2.2836724153022097,9.09817414535123,6,0.5559477085137505,2.778815674784269,391,1.0,0.0,0.04,1
392,-0.09977497020588104,8.100962966625035,6,0.5018246267499822,2.658115340776783,392,1.0,0.0,0.04,1
393,0.2484794880248228,8.790087159546145,6,0.5413047843234369,2.7410878451156613,393,1.0,0.0,0.04,1
394,2.9678505449123826,3.280347805085598,5,0.43409083359965184,2.519120031989333,394,1.0,0.0,0.04,1
395,3.6055460305834406,3.0219913747891294,6,0.5496789757014922,2.8039602083006065,395,1.0,0.0,0.04,1
396,1.1903621128197184,5.163911349246395,6,0.5343737142380627,2.7558691575778456,396,1.0,0.0,0.04,1
397,0.5063320829840142,4.53407012330645,7,0.6430054216899105,2.955187241689475,397,1.0,0.0,0.04,1
398,1.3203810742620978,4.5184899945730335,5,0.49166311457922496,2.7089235130755913,398,1.0,0.0,0.04,1
399,0.4820201226947614,5.339303831220517,5,0.41997891018372213,2.5194818639309684,399,1.0,0.0,0.04,1
400,2.0629545861271663,5.056271581231583,7,0.6727272155968671,3.0192477896270624,400,1.0,0.0,0.04,1
401,1.6555413669482308,5.775113581072945,6,0.5549319676454845,2.781735997407405,401,1.0,0.0,0.04,1
402,0.8330698373561776,5.84482104751031,6,0.48751037513856676,2.647964115040605,402,1.0,0.0,0.04,1
403,0.26361669263375437,0.7643315507787766,5,0.5387898469133499,2.8035786308098194,403,1.0,0.0,0.04,1
404,0.44224626024503383,1.754904633151851,4,0.3946871829667302,2.518034175460216,404,1.0,0.0,0.04,1
405,-0.21309976399113895,1.427691334029487,8,0.7237714732079215,3.176434083386229,405,1.0,0.0,0.04,1
406,-0.4859559468588278,0.48995800665468797,6,0.6205442685785405,2.9644032829638602,406,1.0,0.0,0.04,1
407,0.12187729687761949,-0.019043649187898463,6,0.5956269007636907,2.884847574391645,407,1.0,0.0,0.04,1
408,1.5535206787192393,0.6443006161504429,5,0.5279517728577732,2.7762017031854223,408,1.0,0.0,0.04,1
409,2.3101995655607444,0.5198616402028938,6,0.6103546204306444,2.946705553752391,409,1.0,0.0,0.04,1
410,1.6279823108638607,-0.1997517170022367,7,0.6782932425133661,3.0443806090791976,410,1.0,0.0,0.04,1
411,0.9012714009545612,0.32510542602775117,6,0.602087519265361,2.9099709474791045,411,1.0,0.0,0.04,1
412,2.0431864364288765,1.2471016080288948,6,0.6183214279805909,2.9885964803577854,412,1.0,0.0,0.04,1
413,0.9671651456045031,1.2497166470001324,8,0.7278356636922392,3.19710010293469,413,1.0,0.0,0.04,1
414,0.40408404257397706,3.084863735595118,6,0.604202182468004,2.9203090664218303,414,1.0,0.0,0.04,1
415,0.9676321921784682,3.8016488315432113,7,0.6693203817733198,3.026927915159661,415,1.0,0.0,0.04,1
416,7.620679246397304,0.2973979756365163,6,0.564603601152367,2.832337145317969,416,1.0,0.0,0.04,1
417,6.846570163471482,0.6249539237359926,6,0.5134675842582279,2.681953192081751,417,1.0,0.0,0.04,1
418,7.476489121632195,0.9987436969595046,5,0.4160339992423867,2.4646969293629892,418,1.0,0.0,0.04,1
419,7.4999546450021874,-0.6108716353292032,8,0.6987765146934382,3.2084619078134327,419,1.0,0.0,0.04,1
420,6.931112268634114,-0.0739993289704267,5,0.4962147366649501,2.7014056533498465,420,1.0,0.0,0.04,1
421,4.367201086549207,-0.6333336905506386,6,0.5199938200702461,2.6997219558940064,421,1.0,0.0,0.04,1
422,3.741012905148172,-0.8971503995140117,5,0.4650084025330644,2.612617564674539,422,1.0,0.0,0.04,1
423,4.519841321475515,1.3409424169880906,6,0.5603827704112596,2.832076424931129,423,1.0,0.0,0.04,1
424,3.751296545416975,1.4783118973151013,5,0.5298099258066606,2.7883364855503703,424,1.0,0.0,0.04,1
425,4.328621269169865,2.091178384182155,6,0.5861115247619484,2.8547729441722556,425,1.0,0.0,0.04,1
426,3.799762832845563,0.713342981471004,7,0.6768691204249233,3.0418370978107547,426,1.0,0.0,0.04,1
427,4.688435177720261,0.7230698030264682,5,0.4665451225848266,2.635292402849272,427,1.0,0.0,0.04,1
428,10.263571796123317,-0.3423738242074807,8,0.6899310287297986,3.1039918563041526,428,1.0,0.0,0.04,1
429,10.850279930796036,0.08327327646000438,3,0.15034502374870495,1.857992755359866,429,1.0,0.0,0.04,1
431,8.085839013925028,2.212817513732517,5,0.5296951352065289,2.826023747058465,431,1.0,0.0,0.04,1
432,8.646009554882802,2.8262236269407692,7,0.6124730203416657,2.9300428347788703,432,1.0,0.0,0.04,1
433,10.75907575501025,0.6358214485768188,5,0.5042665700746465,2.8222794284824886,433,1.0,0.0,0.04,1
436,6.106300533079028,8.554922141009014,5,0.49771249598684264,2.7152232495216504,436,1.0,0.0,0.04,1
437,6.777449313301701,8.190310235703583,7,0.6005951381836745,2.8584541956770906,437,1.0,0.0,0.04,1
439,5.528641316419278,8.963222404536298,5,0.5074336892751603,2.756119577960341,439,1.0,0.0,0.04,1
440,4.694560689678003,8.56397434847736,7,0.6511480691969425,2.9970664511591134,440,1.0,0.0,0.04,1
441,5.841291030611706,4.962062476186337,5,0.48193619510200136,2.713030084171298,441,1.0,0.0,0.04,1
442,6.185317595823838,4.260071935983028,6,0.5222458409780444,2.7193782242716726,442,1.0,0.0,0.04,1
443,1.9711473173383434,10.632930130876108,5,0.49617244983618036,2.7398687247364544,443,1.0,0.0,0.04,1
444,1.491051570111791,10.770020035777145,3,0.11285726408227603,1.5605412748527827,444,1.0,0.0,0.04,1
445,1.2656039076044943,10.17799748371567,7,0.6553580578998837,3.0199487600742927,445,1.0,0.0,0.04,1
446,2.0578631515633843,9.884390260115714,6,0.5602249187413104,2.790880184817263,446,1.0,0.0,0.04,1
447,2.6716804208213123,10.434574662840244,5,0.5309202759041121,2.8133163498945644,447,1.0,0.0,0.04,1
448,4.625278052007059,9.679950386540717,3,0.12011411095217284,1.6813518226453374,448,1.0,0.0,0.04,1
451,4.83467212355498,9.294596418514518,4,0.29273404370339406,2.2680377071512257,451,1.0,0.0,0.04,1
452,4.28531248645908,9.267201785319903,5,0.4418339676721743,2.649932582938427,452,1.0,0.0,0.04,1
454,-9.65768812829629,-2.238836992983931,4,0.30531711369345516,2.2185599523797266,454,1.0,0.0,0.04,1
455,-8.57033610540111,-4.781934354893197,6,0.5548630798469354,2.799731323891473,455,1.0,0.0,0.04,1
456,-8.204331918823483,-3.5172374948346317,6,0.5681025484132913,2.8402836855519302,456,1.0,0.0,0.04,1
457,-7.365539894093977,-3.830773381243466,7,0.6594354127894757,3.004262126302377,457,1.0,0.0,0.04,1
458,-8.099154243133418,-4.19060080268766,5,0.4803110066705152,2.6518400839260323,458,1.0,0.0,0.04,1
459,-10.031056639263443,3.9546194745691503,4,0.4135299867624731,2.6323976014760526,459,1.0,0.0,0.04,1
460,-5.396647791859627,3.676863382377283,8,0.67515352599683,3.020330386755449,460,1.0,0.0,0.04,1
461,-6.00236492382665,4.147585454082665,5,0.46218679780305116,2.5971634983487717,461,1.0,0.0,0.04,1
462,-5.423513647297515,4.583199542301824,6,0.5619163700924847,2.8244535633481793,462,1.0,0.0,0.04,1
463,-4.609542138193988,3.6804376780118173,4,0.2908711602923857,2.218979877673138,463,1.0,0.0,0.04,1
464,-4.770296091685729,1.7018037617893171,6,0.604175722412045,2.899860466965147,464,1.0,0.0,0.04,1
465,-4.407934092221884,2.537853783405881,7,0.648790460422509,3.0213137171867968,465,1.0,0.0,0.04,1
466,-5.161873301125959,2.9039024512003886,5,0.44138413401532084,2.5662576848870646,466,1.0,0.0,0.04,1
467,-7.080590980564231,1.3915722132360278,6,0.554050035336537,2.7835693695532053,467,1.0,0.0,0.04,1
468,-6.369448625963539,0.9002017687225639,7,0.6162103814645399,2.9184488641985453,468,1.0,0.0,0.04,1
469,-5.667919459774543,0.9270908612072677,4,0.33005248421921185,2.3024997150793363,469,1.0,0.0,0.04,1
470,-7.546792104957877,2.799748074447912,6,0.6001813942239878,2.88995962429044,470,1.0,0.0,0.04,1
471,-6.409892030218354,3.577845560043991,6,0.5794908254206259,2.9043504731365757,471,1.0,0.0,0.04,1
472,-7.398501417725348,3.661682780425582,8,0.7328605925122424,3.1699101962656364,472,1.0,0.0,0.04,1
473,-8.252032046082475,6.097896121096455,7,0.6257704919215428,2.992504433396311,473,1.0,0.0,0.04,1
474,-8.285860657540782,4.763705147540032,6,0.5243192975167226,2.710343863546391,474,1.0,0.0,0.04,1
475,-8.466460281230978,4.025535793149707,7,0.6060761737255103,2.9847321914314886,475,1.0,0.0,0.04,1
476,-7.859140792001699,4.224121916848174,4,0.3401726567939374,2.342765507695768,476,1.0,0.0,0.04,1
477,-8.627663862105408,5.4389686452990755,5,0.4930233972429825,2.6941148178551706,477,1.0,0.0,0.04,1
478,-9.094414750084265,4.841021585386327,7,0.6254062475226618,2.960474625085342,478,1.0,0.0,0.04,1
479,-6.848403587846279,5.006914107485894,5,0.44031067669155455,2.5411623293781274,479,1.0,0.0,0.04,1
480,-7.443701293599648,4.714079648609243,7,0.5952742550910965,2.9388090110219034,480,1.0,0.0,0.04,1
481,-6.777295416218887,4.253912090359401,6,0.5604807251617228,2.799673175404611,481,1.0,0.0,0.04,1
482,-6.135957540120201,4.847726395651673,6,0.5186254175827507,2.6963065035705656,482,1.0,0.0,0.04,1
483,-6.418364584644309,5.512826465162849,5,0.4527142207391819,2.5825956061081317,483,1.0,0.0,0.04,1
484,-7.909683422926943,5.383292306442059,5,0.46634467237965893,2.6120289075944543,484,1.0,0.0,0.04,1
485,-7.241739753514467,5.696698960705344,8,0.6612601730946182,3.0479791071378526,485,1.0,0.0,0.04,1
486,-9.747278555389297,2.56596185320242,5,0.5151296057532981,2.7520287145283264,486,1.0,0.0,0.04,1
487,-8.999565170518638,2.844583843434221,6,0.5386438398143323,2.757049186698427,487,1.0,0.0,0.04,1
488,-9.737678633432816,3.311770726332853,6,0.5930914615950691,2.9079746878123465,488,1.0,0.0,0.04,1
490,-9.918259123930293,1.837152964639854,6,0.5722428236849995,2.845393926290182,490,1.0,0.0,0.04,1
491,-9.111923658516767,2.110392720666628,6,0.5508047987114901,2.771653196440491,491,1.0,0.0,0.04,1
493,-6.636487263199093,-1.475153129622899,6,0.5316630184608453,2.738875556427887,493,1.0,0.0,0.04,1
494,-5.860275311824624,-1.2355104847290048,6,0.5929673361597372,2.8813756863649376,494,1.0,0.0,0.04,1
495,-6.565613238138399,-0.6860081764519051,6,0.5807773985120541,2.851926897654385,495,1.0,0.0,0.04,1
496,-7.27438652628069,-1.0194848805029066,6,0.5387519938488823,2.7415688083339993,496,1.0,0.0,0.04,1
497,-6.132031632034308,-1.941995382591029,5,0.47271311944246985,2.6359452163307333,497,1.0,0.0,0.04,1
498,-6.694445708657363,-3.132973918201459,6,0.5817429095483426,2.8988486939579468,498,1.0,0.0,0.04,1
499,4.787113048637051,-4.361647221656576,7,0.5257946123694222,2.738853633671022,499,1.0,0.0,0.04,1
500,5.522649275873862,-4.601368419687827,6,0.5643378557586427,2.8125561114299176,500,1.0,0.0,0.04,1
501,8.739752355642732,-3.2130498824488547,5,0.4584649309069828,2.6051996571801563,501,1.0,0.0,0.04,1
502,8.241171851650515,-4.150178651404489,5,0.4811960832719038,2.688988894073646,502,1.0,0.0,0.04,1
503,6.780435920126256,-3.9394696315967868,6,0.5443962839110981,2.753010234367067,503,1.0,0.0,0.04,1
504,6.308057182757442,-4.590020845957781,6,0.5416736694511783,2.7543016783407577,504,1.0,0.0,0.04,1
505,7.162252994263902,-4.697738481434963,7,0.5880657301625156,2.8878650344760226,505,1.0,0.0,0.04,1
506,7.519412536159786,-3.917412537112776,6,0.5370276498849513,2.7439451816417266,506,1.0,0.0,0.04,1
507,8.424134313698499,-2.4614658982723734,7,0.6755394407218898,3.0519428774045183,507,1.0,0.0,0.04,1
508,8.046713603525005,-3.2994072567778336,7,0.6521775505888208,3.019363178652362,508,1.0,0.0,0.04,1
509,2.6206925939796197,-10.568815766983878,4,0.4531177750482751,2.910244028672463,509,1.0,0.0,0.04,1
510,2.760168294247368,-10.015408610082245,5,0.3688139532057253,2.4179905485001885,510,1.0,0.0,0.04,1
511,2.332265832804588,-9.573102008377072,5,0.32849170184307575,2.197706931963101,511,1.0,0.0,0.04,1
512,1.9872356387420411,-10.849509266792838,4,0.463151798204378,2.868097175096387,512,1.0,0.0,0.04,1
513,-3.6498139653756665,-5.512399896474947,5,0.4889389610798549,2.6784768349642896,513,1.0,0.0,0.04,1
514,-4.145723139604454,-4.975512477876162,6,0.5556413851688866,2.7871123772442594,514,1.0,0.0,0.04,1
515,-3.3670701201610522,-4.743554685296401,7,0.6520478803233889,2.98591500233318,515,1.0,0.0,0.04,1
516,-2.965965910940462,-5.604093970348012,6,0.5947899276335269,2.90940088674444,516,1.0,0.0,0.04,1
517,-2.5229154343967863,-4.923162566619499,6,0.5647436492923621,2.840212502943249,517,1.0,0.0,0.04,1
518,-4.31415187239364,-5.8047886185908055,6,0.5525169218550676,2.7762312670856772,518,1.0,0.0,0.04,1
519,-3.6264856018167286,-6.338636652750315,8,0.6982372527585952,3.0837047469541785,519,1.0,0.0,0.04,1
520,-0.3358431454087529,-2.7125373840548344,4,0.421452913321135,2.6262651558204686,520,1.0,0.0,0.04,1
521,-0.5047411396275162,-4.63279500031981,6,0.6309070880739991,3.0839000250146067,521,1.0,0.0,0.04,1
522,-1.0399008157520535,-3.681261117062002,5,0.5669963689772546,2.930570138559201,522,1.0,0.0,0.04,1
523,-1.8200431891458995,-4.848694592435497,5,0.4676090358868783,2.6345609771276055,523,1.0,0.0,0.04,1
524,-1.1433678222778985,-4.364514079147688,5,0.5388398113836925,2.8926396728891723,524,1.0,0.0,0.04,1
525,-2.586509868773971,-0.9992773216065872,7,0.6743599542707955,3.0819842100739683,525,1.0,0.0,0.04,1
526,-1.8044781932198821,-1.2936857480502166,5,0.5041699909712548,2.7130015833015473,526,1.0,0.0,0.04,1
527,-1.916439433494462,-4.115529283325918,7,0.6285226892482827,2.956969120715711,527,1.0,0.0,0.04,1
528,-2.7512442245342155,-4.27035937898795,5,0.4720336962046545,2.6303353415014796,528,1.0,0.0,0.04,1
529,3.397782986970528,-8.860265951470305,5,0.5019811257121098,2.7178361684676844,529,1.0,0.0,0.04,1
530,4.197714285166817,-8.887291048459145,8,0.7942352866988127,3.302976144474772,530,1.0,0.0,0.04,1
531,3.5018849531990153,-8.14584971714143,6,0.5477649001664169,2.8335453529983163,531,1.0,0.0,0.04,1
532,3.4429486163873744,-9.662521792032834,6,0.6314438281817036,3.1513891075446336,532,1.0,0.0,0.04,1
533,2.759101663557495,-8.332238215674822,6,0.5108666673681714,2.674734691876913,533,1.0,0.0,0.04,1
534,2.634294632039983,-8.999274048536268,6,0.5114251761533879,2.7577746420498053,534,1.0,0.0,0.04,1
535,2.887382118862544,-9.510965672759642,4,0.20962816969694842,1.8563814409960364,535,1.0,0.0,0.04,1
536,0.5059679559652127,-10.562365634774727,8,0.6972988809111484,3.1369372331667775,536,1.0,0.0,0.04,1
537,1.136218651775039,-9.717801813597164,7,0.6179187995151949,2.9645965913488768,537,1.0,0.0,0.04,1
538,1.7884116035110327,-9.277229905063953,6,0.5161647614499216,2.7048006898630437,538,1.0,0.0,0.04,1
539,1.9223998750928026,-10.100915253682498,7,0.5754900559457266,2.8130814916406273,539,1.0,0.0,0.04,1
540,1.3318962008301227,-10.534986651440988,5,0.503113712722624,2.788103855144084,540,1.0,0.0,0.04,1
541,2.9991021739251367,-0.6987280806182062,7,0.6532375045902166,3.005542747372142,541,1.0,0.0,0.04,1
542,2.1045700541081906,-1.0456485640895439,7,0.6786779384322787,3.0570305089554557,542,1.0,0.0,0.04,1
543,3.086989332163066,-2.2384569369126686,6,0.6012231001269348,2.8943914680078415,543,1.0,0.0,0.04,1
544,3.4908715588143373,-3.0046112336966524,7,0.6969337234523363,3.0779213854080316,544,1.0,0.0,0.04,1
545,3.476872505784862,-1.5327710297243622,6,0.5604531150107237,2.8212479934624395,545,1.0,0.0,0.04,1
546,2.5939079071860847,-2.832966497683618,6,0.6338828054097534,2.9793073524066847,546,1.0,0.0,0.04,1
547,2.2537425908309396,-1.9778918006666444,6,0.5988009351218966,2.9111854797411305,547,1.0,0.0,0.04,1
548,2.754173116423951,-1.4720643374131543,5,0.500047383583718,2.705048568681067,548,1.0,0.0,0.04,1
549,-0.4911514249710042,7.493625126806062,5,0.4346198201945548,2.519922717344484,549,1.0,0.0,0.04,1
550,-1.32215123307841,6.6427037772307305,6,0.5840035363619909,2.87382085215664,550,1.0,0.0,0.04,1
551,-0.4910894034930258,6.8077092468487965,6,0.609204374810655,2.9820748796657175,551,1.0,0.0,0.04,1
552,-2.6722889531006704,7.7452095168125465,7,0.7283477586599663,3.36180505414259,552,1.0,0.0,0.04,1
553,-0.7939738885498803,8.102096964332425,5,0.42267091286863123,2.483786338125746,553,1.0,0.0,0.04,1
554,-1.2336815818901377,7.50526249206596,7,0.6252057165167,2.969491529285248,554,1.0,0.0,0.04,1
555,-1.9418915462509474,7.250288446475194,6,0.5806882568264031,2.8660938569903633,555,1.0,0.0,0.04,1
556,-1.830447614561042,4.9703150977658535,5,0.5181303195710885,2.772844345160269,556,1.0,0.0,0.04,1
557,-1.6872490523678676,4.068470234958055,7,0.6702736795271509,3.029271814598927,557,1.0,0.0,0.04,1
558,-2.4180213987972112,5.636053371928917,7,0.6919052488358073,3.1899475833623825,558,1.0,0.0,0.04,1
559,-2.4194067473188943,3.7936456914297705,5,0.5184700080077556,2.746045052889297,559,1.0,0.0,0.04,1
560,-4.339548868629452,4.699213290999443,4,0.2700370460701951,2.0799699223930825,560,1.0,0.0,0.04,1
561,-4.436440628568218,5.5550512108584655,4,0.2746738759784524,2.0996762610876605,561,1.0,0.0,0.04,1
562,-4.886111339924034,5.073505347226227,7,0.5655602531837474,2.8125950377816236,562,1.0,0.0,0.04,1
563,-4.677269088986339,4.220801938238552,7,0.5578878133775138,2.8699016605527388,563,1.0,0.0,0.04,1
564,-3.3497606047767547,4.806831466247136,5,0.45654481626657084,2.6237073773525084,564,1.0,0.0,0.04,1
565,-3.948427310701245,5.199744327991772,7,0.5390799809498006,2.7553405921887157,565,1.0,0.0,0.04,1
566,-3.852709398679743,4.294105564956838,6,0.526567173477293,2.737498270249724,566,1.0,0.0,0.04,1
567,-3.134566236861429,4.057217955432738,6,0.6160723174007492,2.9656074070754452,567,1.0,0.0,0.04,1
568,-2.8379732383088103,5.088808998845109,4,0.38359164333329865,2.520355690258259,568,1.0,0.0,0.04,1
569,-3.285831495631607,5.672804931925296,6,0.5757532048705416,2.840491449759717,569,1.0,0.0,0.04,1
570,-2.412931749875073,4.578715856313161,6,0.5834539185333787,2.920284254758651,570,1.0,0.0,0.04,1
571,2.0651646806035995,7.177537981545079,5,0.4050843281069634,2.4378968720248966,571,1.0,0.0,0.04,1
572,2.7787770620141736,7.46848134165919,7,0.6174014055134087,2.898215431076426,572,1.0,0.0,0.04,1
573,3.113913313159416,6.647132722566067,6,0.5272267574920022,2.7542250860307003,573,1.0,0.0,0.04,1
574,2.494538200865433,6.7132385548859705,5,0.4117103269487812,2.471288642557349,574,1.0,0.0,0.04,1
575,1.8541697324091035,6.502524488368638,6,0.5019731863468584,2.673214675743625,575,1.0,0.0,0.04,1
576,1.009270132403734,8.702570987665476,6,0.5414709674438551,2.7419095949467334,576,1.0,0.0,0.04,1
577,1.7570599184856488,8.544203656927598,6,0.5465315809885558,2.755617663711499,577,1.0,0.0,0.04,1
578,1.9533588361089786,7.808470668546,6,0.5267335927805936,2.7292066374158375,578,1.0,0.0,0.04,1
579,5.289150864609953,5.353503715607801,7,0.6935133216497711,3.1555547689724146,579,1.0,0.0,0.04,1
580,4.6725229264590755,6.0351307142334285,7,0.7142092444860051,3.112427115129319,580,1.0,0.0,0.04,1
581,3.557955965830747,4.800915253172144,6,0.5957605732701525,2.8940064807554036,581,1.0,0.0,0.04,1
582,3.3527364395548367,3.9602407802445536,7,0.6394377194174297,2.952468942165116,582,1.0,0.0,0.04,1
583,2.7152049565044982,4.52093990047554,6,0.6053272190566563,2.902566934104162,583,1.0,0.0,0.04,1
584,2.93842871748766,5.2699475599429295,6,0.5887976044731884,2.8816122538753874,584,1.0,0.0,0.04,1
585,3.8458546102176094,5.593898654151374,6,0.5831902400334688,2.888879578454633,585,1.0,0.0,0.04,1
586,4.424635158585936,5.17831919303728,6,0.6056371833906287,2.9315900222681663,586,1.0,0.0,0.04,1
587,4.764700488198606,3.7909109859005783,6,0.5809906694608067,2.8570807631292023,587,1.0,0.0,0.04,1
588,4.36678427444233,2.915773705484275,7,0.6497206509190381,3.063355360358655,588,1.0,0.0,0.04,1
589,4.051442790006094,3.6007266659241637,5,0.47962858447005274,2.6415108931052718,589,1.0,0.0,0.04,1
590,4.141736149394269,4.3464896113998,6,0.5660403018645521,2.81513646304283,590,1.0,0.0,0.04,1
591,5.485045221844516,4.17272483490054,7,0.6592412698108436,3.111237895167622,591,1.0,0.0,0.04,1
592,4.868293675095348,4.60457754122044,5,0.5064794877815757,2.723341464833323,592,1.0,0.0,0.04,1
593,1.716750398149856,2.527520264604781,6,0.5679253610851738,2.8311787884310187,593,1.0,0.0,0.04,1
594,1.6102048961789917,1.813014178080315,5,0.5267994558475491,2.7852544512590476,594,1.0,0.0,0.04,1
595,0.9213136194368379,2.2539115199878754,7,0.6395165320186642,2.990803260612668,595,1.0,0.0,0.04,1
596,1.121771595435478,3.022759391156337,5,0.4907761840997661,2.6756906159291494,596,1.0,0.0,0.04,1
597,2.485252743785937,1.9676267418220041,7,0.6913693235955554,3.0781037440952925,597,1.0,0.0,0.04,1
598,2.3441456953792814,2.880895039756505,6,0.5413127850429915,2.772977623346012,598,1.0,0.0,0.04,1
599,1.745601582356375,3.395236887247097,6,0.5656052912374132,2.8104288403244055,599,1.0,0.0,0.04,1
600,4.334037977078159,-1.4762532733807667,7,0.6159767360160919,2.9142894737645273,600,1.0,0.0,0.04,1
601,3.9051603083191666,-2.2294989690226448,6,0.599071509578792,2.886525624590621,601,1.0,0.0,0.04,1
602,5.752228835727417,-0.9923698892393935,6,0.5506984079867281,2.778660340389632,602,1.0,0.0,0.04,1
603,6.5270226647450444,-0.6827888878964308,7,0.6549057914624241,3.0296953995616325,603,1.0,0.0,0.04,1
604,5.827559990607338,-0.2867993271275146,5,0.4611881059476972,2.600969780166862,604,1.0,0.0,0.04,1
605,4.9705133532266705,-1.0618582397940557,5,0.433427518574953,2.5177904163542575,605,1.0,0.0,0.04,1
606,5.104303617749221,-0.40393268877877875,6,0.5060027015628508,2.666209189545518,606,1.0,0.0,0.04,1
607,4.9949490516477315,2.5744838088804753,5,0.496922518522247,2.6959442216518155,607,1.0,0.0,0.04,1
608,5.320623564056416,3.276425020895493,6,0.6210835603558014,2.9621411949829906,608,1.0,0.0,0.04,1
609,6.187721116308304,3.413215297297029,7,0.7067989899460247,3.175973833688829,609,1.0,0.0,0.04,1
610,9.41584000493963,0.05578196701856449,6,0.48476093203582016,2.702542616029052,610,1.0,0.0,0.04,1
612,10.379661881722843,0.1307028240510126,4,0.35222904517646514,2.476125439851097,612,1.0,0.0,0.04,1
613,10.597967226821092,1.322271227345092,7,0.6436233489031595,3.017111257235734,613,1.0,0.0,0.04,1
614,8.779558988217193,1.9115904130530195,7,0.6507735867518107,3.0598546511523574,614,1.0,0.0,0.04,1
616,9.549604618516602,3.3306724647978534,7,0.6083094463044052,2.929358953775555,616,1.0,0.0,0.04,1
617,9.281830609747523,2.6153101284080935,5,0.4444707606190459,2.583052898518124,617,1.0,0.0,0.04,1
618,9.544716374979378,2.085542012528734,5,0.403631048980432,2.446339771365035,618,1.0,0.0,0.04,1
619,10.733865415387646,2.203406743819385,5,0.49177525758555696,2.7901407770261626,619,1.0,0.0,0.04,1
620,11.046144767698935,1.768659837892554,3,0.1674791507561162,1.9094240526370676,620,1.0,0.0,0.04,1
621,10.15305648008232,1.906402114994403,5,0.4155611112099855,2.4699311520649125,621,1.0,0.0,0.04,1
622,10.084407393466096,2.680713074647815,6,0.5781669539887098,2.8823151108500036,622,1.0,0.0,0.04,1
624,-10.021255096177292,-0.896341803707009,5,0.47979852018022084,2.752899575645616,624,1.0,0.0,0.04,1
625,-10.116555498955021,-1.7614227596176135,7,0.6294831179114775,2.9960750258052857,625,1.0,0.0,0.04,1
626,-10.440572711668766,-1.2573003469786057,3,0.18367246599895104,1.998492677959745,626,1.0,0.0,0.04,1
627,-9.317425215391852,-0.3451481172112377,9,0.7282631435084905,3.1348524528990596,627,1.0,0.0,0.04,1
628,-10.275389201458886,-0.3989393429701232,5,0.5226272996033661,2.8043381039908137,628,1.0,0.0,0.04,1
630,-9.781020215821654,-3.975392616100673,6,0.6955940917697152,3.396592511236184,630,1.0,0.0,0.04,1
631,-8.88963825662533,-4.031230082745454,6,0.5736617488937412,2.831740594109658,631,1.0,0.0,0.04,1
632,-9.313610509559028,-4.668407798243367,5,0.5192963019111154,2.7837398749097657,632,1.0,0.0,0.04,1
634,-10.315085600923476,-4.4886377985585915,3,0.12531074018870214,1.6739122409642446,634,1.0,0.0,0.04,1
635,-9.093473858373754,-3.3155621867139335,6,0.5963909563339769,2.899725462772543,635,1.0,0.0,0.04,1
636,-9.957617559307835,-2.731146816901818,6,0.6646384809755261,3.388534023189557,636,1.0,0.0,0.04,1
638,-6.151493707352594,2.289392982904665,6,0.5549835901816236,2.801849086734412,638,1.0,0.0,0.04,1
639,-6.4157896046954175,1.6517835520958504,5,0.46249360247464244,2.597318271948551,639,1.0,0.0,0.04,1
640,-6.963840710304587,2.209932775125949,6,0.5576191239568198,2.7836635400382157,640,1.0,0.0,0.04,1
641,-6.761726315866011,2.95792012676441,6,0.5946658460793905,2.898351563983167,641,1.0,0.0,0.04,1
642,-5.896381487819748,2.971373721032112,6,0.565850741368112,2.81989864058263,642,1.0,0.0,0.04,1
643,-5.6223154098222405,1.5601524846428854,7,0.6178224259583267,2.939479499216178,643,1.0,0.0,0.04,1
644,-5.324777021718063,2.2668641104525062,6,0.5636763773680062,2.8310329751940873,644,1.0,0.0,0.04,1
645,-8.724849747628738,-1.2399778439643434,7,0.5704868695183407,2.8480209676381416,645,1.0,0.0,0.04,1
646,-9.458400756810331,-1.1642779075905567,5,0.45197841386782267,2.59248892850514,646,1.0,0.0,0.04,1
647,-9.226497439954725,-1.8062434128711675,6,0.49347609791916636,2.6441529335766942,647,1.0,0.0,0.04,1
648,-8.265828884893436,-0.1863156737808025,6,0.48860066870042007,2.720636691450527,648,1.0,0.0,0.04,1
649,-8.639542260347525,-0.6450627637529405,4,0.2923945352610182,2.1804963546555354,649,1.0,0.0,0.04,1
650,-7.978372174075525,-0.8096815252403214,6,0.5096164637543181,2.6877941162631425,650,1.0,0.0,0.04,1
651,-7.347997694289433,-0.20954913957939988,7,0.6525728978736716,2.9725944511073608,651,1.0,0.0,0.04,1
652,-8.734046384235631,0.2596547107764652,5,0.44396787122889836,2.566361863737404,652,1.0,0.0,0.04,1
653,-7.930400827054243,0.43122005203416697,6,0.545077165983258,2.7626509800733112,653,1.0,0.0,0.04,1
654,-7.153978444113617,0.5980805673472827,6,0.5859928779743346,2.8532221400351547,654,1.0,0.0,0.04,1
655,-7.7431512726033205,-2.3086383282118756,6,0.5413660944959267,2.7500642360800107,655,1.0,0.0,0.04,1
656,-6.876462627473712,-2.3716631396487764,7,0.6221883773833472,2.916522015500387,656,1.0,0.0,0.04,1
657,-7.51476287444957,-3.024262633523723,6,0.5881336308200904,2.865878428688167,657,1.0,0.0,0.04,1
658,-8.355061207832257,-2.823447044032626,6,0.5588547927788952,2.7970744021005096,658,1.0,0.0,0.04,1
659,-7.279495583083489,-1.7629905009369367,5,0.43298963313624395,2.5100335026802445,659,1.0,0.0,0.04,1
660,-7.951078358388888,-1.5347408771719573,6,0.5198082872897736,2.694916372623716,660,1.0,0.0,0.04,1
661,-8.504666468245961,-2.053528484925772,6,0.535704084719459,2.7281406168164164,661,1.0,0.0,0.04,1
662,-4.912503971608637,-2.7998856586254766,6,0.5752554685203357,2.8896324365556625,662,1.0,0.0,0.04,1
663,-6.090910238812335,-2.6122649190331924,5,0.5067778572366493,2.739862705747326,663,1.0,0.0,0.04,1
664,-5.41275200927014,-2.0579916565977605,8,0.7128517148498767,3.2324730868133953,664,1.0,0.0,0.04,1
665,-4.690466368960554,-2.1270014185379162,5,0.4368082753045486,2.5474310380442877,665,1.0,0.0,0.04,1
666,-4.798125929790486,-3.4559762962242493,6,0.5385146800142957,2.8293471526506546,666,1.0,0.0,0.04,1
667,-5.714225600145787,-3.231239820726393,8,0.7369099280313618,3.195452487183397,667,1.0,0.0,0.04,1
668,-4.185325769149658,-2.51380701128635,5,0.43922423858255666,2.54250533512712,668,1.0,0.0,0.04,1
669,4.723700964880688,-2.098518302353809,5,0.5017228066986101,2.7404641515648693,669,1.0,0.0,0.04,1
670,5.342765739818958,-1.6384686185486164,6,0.5608794171396334,2.8596795368950683,670,1.0,0.0,0.04,1
671,7.780054538480914,-1.7465990735485797,7,0.6572064364800738,3.079319265554718,671,1.0,0.0,0.04,1
672,7.034525170686267,-1.272158594226309,5,0.5191746673577629,2.759439107854282,672,1.0,0.0,0.04,1
673,6.280538592044375,-1.617387897671386,7,0.6655870386066605,3.018940790217542,673,1.0,0.0,0.04,1
674,0.534158588965697,-3.9267379577896206,6,0.5691967725332863,2.862377567455577,674,1.0,0.0,0.04,1
675,-0.20942072165047013,-3.5221682790026994,8,0.8411517627699787,3.6144168145319635,675,1.0,0.0,0.04,1
676,0.5451141910900548,-3.19035674972175,5,0.49425977811253696,2.708498940545673,676,1.0,0.0,0.04,1
677,1.1952108427217447,-3.56126822982398,5,0.43275505785969615,2.5287232327020845,677,1.0,0.0,0.04,1
678,0.8380622837687078,-4.590775629835929,5,0.4526533162478279,2.570821999005511,678,1.0,0.0,0.04,1
679,0.14074569069837772,-4.582440100137106,6,0.6095610591946985,3.0301064433381484,679,1.0,0.0,0.04,1
680,-3.0602486747325846,-1.7175642365899457,6,0.5651487304190808,2.8157011371807985,680,1.0,0.0,0.04,1
681,1.2111332449164507,-8.838741313661027,6,0.5671714907168153,2.8209381653004044,681,1.0,0.0,0.04,1
682,0.771314324188635,-8.259696473668743,6,0.5264567852593713,2.7416149624349435,682,1.0,0.0,0.04,1
683,0.5490103537372059,-9.779932821120424,4,0.34040438844022747,2.366344258655184,683,1.0,0.0,0.04,1
684,-2.0219026648548377,8.913982132487881,7,0.7194604941426972,3.2280504492825033,684,1.0,0.0,0.04,1
685,-1.9038791629140153,8.039449109461044,5,0.5324727891399395,2.791926233039991,685,1.0,0.0,0.04,1
686,-2.689798865247067,8.644807661486851,5,0.4724715460811666,2.6583557025917606,686,1.0,0.0,0.04,1
687,-1.333577953918392,8.527813367624349,6,0.5779340741362224,2.8779396908156873,687,1.0,0.0,0.04,1
688,-2.8040874650827834,9.452224848282343,6,0.5586340790655058,2.852181459053894,688,1.0,0.0,0.04,1
689,-2.3439753663588085,9.882095382619095,6,0.5195479056448136,2.786617953486352,689,1.0,0.0,0.04,1
690,-1.6905775804043537,9.671790519888066,5,0.4695770596344717,2.6284125902724385,690,1.0,0.0,0.04,1
691,0.645361681310209,6.967951909844116,4,0.42271791371430867,2.785375197187827,691,1.0,0.0,0.04,1
692,1.1978912471900327,7.932401358850413,5,0.5063441367651866,2.809746362230715,692,1.0,0.0,0.04,1
693,1.3133327544404265,7.236420415075788,6,0.5656286979530809,2.8978641716109985,693,1.0,0.0,0.04,1
694,1.1780810177003018,6.465880380459586,6,0.4866455431040162,2.6132326999754283,694,1.0,0.0,0.04,1
695,0.5687970008000757,8.027878444425813,5,0.4868312435586639,2.7335382618947306,695,1.0,0.0,0.04,1
696,0.20485841670640084,7.311610040631693,5,0.572507595301678,3.0364309294195593,696,1.0,0.0,0.04,1
697,0.49977808040935257,6.4119516220652315,4,0.3214354610296475,2.343410551658015,697,1.0,0.0,0.04,1
698,5.826071552083293,1.735535791066815,5,0.48034872351613744,2.648393471285996,698,1.0,0.0,0.04,1
699,5.785331074338223,2.5505071118379568,7,0.652993689927369,3.0046925209360404,699,1.0,0.0,0.04,1
700,5.136014083025139,1.8716477791059107,6,0.5588506661460304,2.809687146773186,700,1.0,0.0,0.04,1
701,5.421105227607359,1.0577140241326168,7,0.6364253694545281,2.964333068133368,701,1.0,0.0,0.04,1
702,6.232070435951845,1.1373407988643978,6,0.5447975820298048,2.766215070725582,702,1.0,0.0,0.04,1
703,6.570482137224187,1.949715875363007,7,0.608144214637445,2.9316250896821843,703,1.0,0.0,0.04,1
704,6.501860063577374,2.6748258017478244,5,0.4737712140396697,2.6428681330697588,704,1.0,0.0,0.04,1
705,8.930017950997351,1.093772182080915,7,0.5790775834434965,2.877175387970769,705,1.0,0.0,0.04,1
706,8.493072335457784,1.4600259185963391,3,0.09313288794479746,1.4460839724505306,706,1.0,0.0,0.04,1
707,8.147700603143042,1.0735495939261395,6,0.5721317638976746,2.915545484693206,707,1.0,0.0,0.04,1
708,9.145625898551996,0.5552038210998472,4,0.3141285118651833,2.274739029403112,708,1.0,0.0,0.04,1
709,8.399121881107298,0.2805494610859287,8,0.6589761331758206,3.1134270984270715,709,1.0,0.0,0.04,1
710,9.884181976078368,0.6799024137988703,7,0.6618921799663207,3.0809627650499376,710,1.0,0.0,0.04,1
711,9.635791197000671,1.4142668879557123,6,0.5491151313135578,2.830318439816221,711,1.0,0.0,0.04,1
712,6.013244488065863,-3.8702618039722263,6,0.5355508920056913,2.7551269968307186,712,1.0,0.0,0.04,1
713,4.922444203126225,-3.303948586569966,5,0.373057821751523,2.3678550729220356,713,1.0,0.0,0.04,1
714,5.358807609351779,-3.833267725932241,6,0.4771588100534849,2.610404048244157,714,1.0,0.0,0.04,1
715,4.777209081393521,-3.789597115646176,4,0.20082910570781287,1.8002690401759311,715,1.0,0.0,0.04,1
716,5.180442011868441,-2.522834970774873,4,0.33828580482441417,2.3350775906972836,716,1.0,0.0,0.04,1
717,4.468804908938246,-2.802747904240747,6,0.6034659592104292,2.989299900258194,717,1.0,0.0,0.04,1
718,4.193890838854971,-3.526824465065362,7,0.5664786250537599,2.8212499878752713,718,1.0,0.0,0.04,1
719,6.549676053821439,-2.539281573788124,7,0.6607464846917956,3.037761281296259,719,1.0,0.0,0.04,1
720,7.028198183186062,-1.9731581215892768,5,0.50565614826162,2.719469513209695,720,1.0,0.0,0.04,1
721,5.777726291118025,-2.2389056419335556,5,0.5346070624084751,2.8121050499171014,721,1.0,0.0,0.04,1
722,7.552378442085596,-2.548467152880351,6,0.6164617971994684,2.9504269205773532,722,1.0,0.0,0.04,1
723,5.661210549079187,-3.0334429050478153,7,0.6634409645779096,3.068565328962106,723,1.0,0.0,0.04,1
724,6.424326031031078,-3.2613086613825666,5,0.48103357509867983,2.6486950787710146,724,1.0,0.0,0.04,1
725,7.183506200322649,-3.2006122785508415,6,0.580377835568175,2.8531621286075186,725,1.0,0.0,0.04,1
726,-3.515339400931797,-2.447994578830037,6,0.5374624439081801,2.7587214472046204,726,1.0,0.0,0.04,1
727,-3.9875112218553457,-3.2306531278291626,7,0.6452458933993217,2.975252619854704,727,1.0,0.0,0.04,1
728,-3.3686363376433723,-3.8454064215915014,6,0.5780390940686235,2.8472318423684113,728,1.0,0.0,0.04,1
729,-2.782633873945686,-2.386788413151169,5,0.47525328297262215,2.653559188278205,729,1.0,0.0,0.04,1
730,-2.5313176163910516,-3.6077840227700806,6,0.5401159193804297,2.754874957779475,730,1.0,0.0,0.04,1
731,-3.1401139712798067,-3.10122761029207,6,0.5455011104473182,2.756117846433037,731,1.0,0.0,0.04,1
732,-0.40044086147941,-9.191470778828883,5,0.4596334337774244,2.589580310892164,732,1.0,0.0,0.04,1
733,0.37444677645797286,-9.034011433591566,8,0.677365145861685,3.079166179732547,733,1.0,0.0,0.04,1
734,0.06545007928393823,-8.321570846746372,5,0.4381699488734244,2.5363582667028233,734,1.0,0.0,0.04,1
735,-0.6499577800024254,-8.457218176154734,7,0.6291149084805512,3.00237339666438,735,1.0,0.0,0.04,1
736,-1.103162899468153,-9.085464945743851,6,0.5410969926199987,2.7647641399827902,736,1.0,0.0,0.04,1
737,-0.01728107133989191,-9.812422527724356,6,0.5019796074159459,2.6901985717314094,737,1.0,0.0,0.04,1
738,-0.7696936500188877,-9.86484810086961,6,0.5244577303060933,2.7100007937049893,738,1.0,0.0,0.04,1
739,-1.7834279853402661,-2.554562002716464,5,0.5001273178137176,2.7248074267626428,739,1.0,0.0,0.04,1
740,-1.7223988670770036,-3.3181130907031404,6,0.5654191215392634,2.809503123944333,740,1.0,0.0,0.04,1
741,-0.9946498454624042,-2.87819250259257,7,0.6624048014917163,3.063383156960039,741,1.0,0.0,0.04,1
742,-2.3681850019812156,-2.9071675855223313,5,0.4716711346465514,2.6511489098258703,742,1.0,0.0,0.04,1
743,-2.2524420383983528,-1.8694064224800184,6,0.595396607080378,2.906695312678051,743,1.0,0.0,0.04,1
744,-1.4008487177659161,-1.9790268678296452,6,0.5668226474259537,2.8361268206144827,744,1.0,0.0,0.04,1
847,5.435654121922082,-9.112656546070369,3,0.7347408728723686,4.025952894765192,-1,1.0,0.0,0.0,0
859,8.619555372577258,-4.899254615893156,3,0.6337055690611493,4.2535960008117,-1,1.0,0.0,0.0,0
874,7.561785700680365,7.02870971147713,3,0.7126561779083609,3.928908973765744,-1,1.0,0.0,0.0,0
886,-10.233858621728155,-3.380277960914855,3,0.7770945114195289,4.169318367190292,-1,1.0,0.0,0.0,0
